date,open,high,low,close,adj_close,volume
2022-11-22,30185.583685897167,30264.084114568836,29843.49515184825,30248.357076505617,30248.357076505617,14495.881087040518
2022-11-23,31750.61368382917,32179.057708127802,31506.78277030282,31779.41757122138,31779.41757122138,11972.359484392988
2022-11-24,32667.837514579413,32709.249915005104,32488.043146542528,32525.98438006461,32525.98438006461,20299.16865969877
2022-11-25,31993.15977685188,32311.238337684987,32109.544206946066,32241.94064250539,32241.94064250539,15426.45868641511
2022-11-26,30553.555217647605,30625.460701010717,30340.681237800178,30425.858679038785,30425.858679038785,20401.921610097357
2022-11-27,29297.03388291113,29842.4826104397,29259.401979317812,29263.23153480096,29263.23153480096,25402.322228758465
2022-11-28,30354.858317561822,30893.23542330369,30347.263100538683,30475.560482347544,30475.560482347544,47719.31136284543
2022-11-29,32351.939252920427,32487.388417856386,32361.896035251135,32459.47049222535,32459.47049222535,34415.04239126768
2022-11-30,33992.56524728005,34046.56250790673,33464.056322601886,33824.92594455923,33824.92594455923,43398.95142731849
2022-12-01,34424.37781815083,34726.90969157021,34480.74774779964,34518.9285061451,34518.9285061451,38414.06002849329
2022-12-02,33126.32594291603,33364.215774988144,33097.709405546,33241.66099397563,33241.66099397563,14500.125221065271
2022-12-03,31423.522295322044,31520.473953720302,31051.13624951134,31309.79084108557,31309.79084108557,39436.81625495796
2022-12-04,30419.068598733942,30509.96710324451,30193.92603574175,30385.21331110535,30385.21331110535,21003.95526236498
2022-12-05,29757.5031709157,30234.1019993427,29756.814472993265,29851.29572856934,29851.29572856934,35564.31387978826
2022-12-06,30610.69195515464,30627.165937766847,30292.206251906984,30589.02945761418,30589.02945761418,23638.47894571954
2022-12-07,31805.50306993102,31951.56491293099,31836.955668537914,31908.078338295047,31908.078338295047,49906.89053058637
2022-12-08,31934.46745776298,31998.398864058472,31761.77371181609,31824.38531792072,31824.38531792072,20542.05917987111
2022-12-09,31042.087414942434,31035.086696049642,30935.808599539792,30935.95031845512,30935.95031845512,21165.218830970785
2022-12-10,28836.133624471775,28813.016785618296,28532.851457795638,28782.93300458958,28782.93300458958,47226.89022249593
2022-12-11,27067.388594283406,27104.214688651948,26910.31942288763,27031.222488158703,27031.222488158703,10985.776185452907
2022-12-12,28362.888224899096,28667.452529460013,28010.302799947676,28186.76941241236,28186.76941241236,37867.559514927874
2022-12-13,29674.042540209273,29685.59766687717,29583.655840903833,29674.07390747045,29674.07390747045,39013.055629435126
2022-12-14,31189.843242573686,31348.25046445876,31214.022225563866,31308.030655115766,31308.030655115766,43455.14309641597
2022-12-15,31063.32649308516,31228.50998100345,30965.20345587152,31018.37910180193,31018.37910180193,48977.572425539016
2022-12-16,29909.233778729813,29921.7342603677,29613.285126567982,29700.6290737761,29700.6290737761,49024.076766266095
2022-12-17,27955.60914320752,28294.49115363818,28043.85856960094,28057.085092526104,28057.085092526104,12611.070302658556
2022-12-18,26399.883361382315,26563.77568245755,26016.08528021841,26436.029638051714,26436.029638051714,42873.5729101161
2022-12-19,27088.245790827576,27275.202169563527,26997.19604686823,27046.60118701743,27046.60118701743,35852.397346295256
2022-12-20,28341.084002458807,28673.1607938196,28274.806456955135,28346.47448735938,28346.47448735938,35893.68537492365
2022-12-21,29702.589899726372,30030.08933636784,29671.31189663707,29800.820257764102,29800.820257764102,15133.997064587791
2022-12-22,30034.87527706534,29983.216584490103,29773.85109714231,29922.689491442296,29922.689491442296,36007.48665782613
2022-12-23,30035.273990135254,29954.125087937402,29767.025083289907,29803.26991793353,29803.26991793353,49299.303224049916
2022-12-24,28117.129175362017,28110.343698778226,27967.641421795342,28097.516029459628,28097.516029459628,46472.74278157788
2022-12-25,26432.69507024484,26588.854381279136,26258.841092763836,26523.10189921844,26523.10189921844,27565.22643219402
2022-12-26,27202.20084255757,27421.368338152974,27073.176294160192,27357.096895062918,27357.096895062918,11597.918931443774
2022-12-27,28372.665313500875,28431.251866225815,28226.783002231015,28346.867715378758,28346.867715378758,24491.739600008194
2022-12-28,30161.87989251412,30374.23441199422,29678.18416791037,30051.492158182493,30051.492158182493,43055.61246402221
2022-12-29,29541.896410685036,29585.086496338292,29292.876898068112,29494.379636035497,29494.379636035497,38059.96405860664
2022-12-30,27784.48756173116,27833.559272881175,27647.801980671044,27784.727945823044,27784.727945823044,28373.746223758255
2022-12-31,26125.226122473745,26376.970721310347,26026.02816782012,26184.153287652676,26184.153287652676,12204.061406353245
2023-01-01,25398.611548615336,25745.72200967207,25113.807148344775,25507.827911887143,25507.827911887143,27075.789112932103
2023-01-02,26099.709724907498,26261.75615530241,25837.715124615148,26016.23459227501,26016.23459227501,28760.99758871534
2023-01-03,27649.9802585208,27678.083110352218,27316.368710526087,27558.603096382245,27558.603096382245,47142.22131576544
2023-01-04,28853.670915219886,29148.478442351137,28862.091070075654,29008.243893888957,29008.243893888957,35643.44414328638
2023-01-05,28850.689336316205,28751.218139170138,28688.85082493085,28691.70543849814,28691.70543849814,22466.116666185953
2023-01-06,27343.631790626943,27561.36603119987,27095.436784658214,27286.224668537543,27286.224668537543,31012.730578028855
2023-01-07,25496.859471467298,25386.911124359223,25275.492744367362,25356.900006952717,25356.900006952717,12642.212312886402
2023-01-08,24705.689679450425,24865.017744993245,24702.638762907594,24839.902454298935,24839.902454298935,48902.72942598947
2023-01-09,25297.85172333451,25469.048503732825,25413.255248253005,25434.43413887605,25434.43413887605,24402.39607722904
2023-01-10,26138.209775519306,26156.22251601233,26036.22411040154,26153.106706496037,26153.106706496037,29114.694196525434
2023-01-11,27965.619779184308,28134.59635387383,27520.05321959169,27915.34133649479,27915.34133649479,24211.358969476903
2023-01-12,28325.158818372223,28433.532912598384,27832.674413737313,28145.522736079525,28145.522736079525,37300.469204648005
2023-01-13,26832.11096154481,27080.40408280829,26438.060555169573,26761.503070163297,26761.503070163297,36489.28633318372
2023-01-14,25344.067810797602,25537.72820814247,25347.464750974163,25368.335938478805,25368.335938478805,38612.89242116542
2023-01-15,24735.640113196958,25036.55550385481,24658.52022429892,24838.277033963546,24838.277033963546,20725.729184476833
2023-01-16,25849.639690586446,26157.317656035273,25460.576908166735,25726.63963331453,25726.63963331453,22626.73924656264
2023-01-17,26810.75297442949,27035.015866542464,26869.39943884916,26907.223517004564,26907.223517004564,15010.049243848318
2023-01-18,28515.65682985755,28617.427933061816,28168.479951995425,28352.809974380318,28352.809974380318,36220.398873844504
2023-01-19,28912.725764914332,29269.567261902255,28915.654405799476,28941.164229874983,28941.164229874983,11591.885093426103
2023-01-20,28542.436334934715,28585.341545541458,28081.147141623464,28383.37812767293,28383.37812767293,33907.29342093837
2023-01-21,26512.678861651293,26582.415801680912,26154.550594635057,26444.785732645367,26444.785732645367,44787.835394065354
2023-01-22,25292.69802960596,25756.884739619065,25303.979788980992,25306.397578550204,25306.397578550204,45633.28593158534
2023-01-23,25124.01299415746,25372.30572873839,24925.473942457447,25175.95263134007,25175.95263134007,27961.510414798468
2023-01-24,26143.95117686649,26243.00824130282,26105.315588076104,26178.041964601096,26178.041964601096,28372.14752852295
2023-01-25,28227.32919033707,28684.378664074262,28007.120043080085,28184.497521099547,28184.497521099547,13078.767320320694
2023-01-26,29293.055724799626,29743.528589696,29201.187716441644,29285.340075177854,29285.340075177854,36830.601017721434
2023-01-27,28144.395207817583,28481.690841977175,27682.933577299027,28203.776348624455,28203.776348624455,42850.37681491382
2023-01-28,26989.974380433767,27335.617270856907,26966.74789210623,27006.53752146553,27006.53752146553,19786.20218418852
2023-01-29,26149.654571198018,26346.31095462803,26054.4491578794,26141.7968682261,26141.7968682261,26852.035265334587
2023-01-30,26029.086121274948,26729.91001198428,26161.100579724087,26241.959530716427,26241.959530716427,43553.57347061081
2023-01-31,28068.66679025086,28299.704542474094,27775.69354040756,28022.84997877199,28022.84997877199,45084.81870649152
2023-02-01,30294.088784834647,30504.8427313168,30177.850171376518,30392.060907306328,30392.060907306328,19727.199210569037
2023-02-02,30681.53718722367,30915.8212958773,30660.827206454152,30796.870427544243,30796.870427544243,32022.82538165457
2023-02-03,30364.89915497696,30704.31670144409,30295.132087192436,30533.63358968803,30533.63358968803,17699.726025433083
2023-02-04,27345.366511751417,27676.54147949556,27169.038244736905,27524.755761538207,27524.755761538207,14075.150565582262
2023-02-05,26754.603597651356,26946.38663275646,26826.21798277879,26890.148347962586,26890.148347962586,46444.820055678305
2023-02-06,27285.492326111496,27377.23464266492,27255.55845567301,27356.394421874546,27356.394421874546,42820.30016928437
2023-02-07,29002.40930569564,28819.602017522888,28790.778857322653,28807.083391942982,28807.083391942982,40401.396072126954
2023-02-08,30400.56845792256,30603.949343285414,30383.62112880441,30453.15642551208,30453.15642551208,11950.652752525617
2023-02-09,29899.86951863132,29938.22952337787,29784.648795181805,29882.094508004517,29882.094508004517,43749.151708410296
2023-02-10,28766.74803697317,29065.291261161616,28591.558282490216,28726.69989832254,28726.69989832254,27521.76303621535
2023-02-11,27219.35742659507,27225.918833332435,27199.42042447588,27206.250907973485,27206.250907973485,23695.804931834384
2023-02-12,26891.89491850839,27097.357486011173,26682.19007680843,26899.63926458099,26899.63926458099,31859.054441015058
2023-02-13,26943.69731887713,27283.94455868021,26846.061669460018,27063.226695237056,27063.226695237056,13654.129708942233
2023-02-14,28404.26529391973,28295.151369322502,28123.297882500505,28259.172539091807,28259.172539091807,40265.861974095955
2023-02-15,29789.20632696469,29886.88711986982,29378.72785556917,29608.486662600902,29608.486662600902,33297.40307553184
2023-02-16,30320.644391832557,30672.57358244529,30355.647761062985,30488.910261244826,30488.910261244826,17463.603874926703
2023-02-17,29505.32429122281,29921.827271036083,29515.208891740655,29607.727150311446,29607.727150311446,17529.287990761823
2023-02-18,27615.860738085303,27841.767399637072,27298.680426564886,27643.841772323005,27643.841772323005,17369.94606290697
2023-02-19,26758.463043625397,27043.071060714057,26719.403892649283,26854.916823116415,26854.916823116415,12280.09550207736
2023-02-20,27376.774692928906,27522.67561629098,27087.356256973846,27326.17813758332,27326.17813758332,33511.9379748674
2023-02-21,29337.866057910436,29455.619908150504,29214.46017192316,29410.6932781511,29410.6932781511,43613.92710354032
2023-02-22,30876.364983294465,30769.869796318715,30566.978524051927,30659.859376513803,30659.859376513803,10699.928559495544
2023-02-23,31037.805702442172,31112.41973398054,30826.338664357434,30918.750843007812,30918.750843007812,11960.185798850942
2023-02-24,29698.39550374172,29698.213201907693,29520.45999882198,29677.1381006785,29677.1381006785,32910.81106747783
2023-02-25,27349.073976839467,27513.180449491134,27196.067573298595,27246.375350507493,27246.375350507493,42779.827415442094
2023-02-26,26459.466865712286,26469.150352066797,26229.374784338226,26348.876823276554,26348.876823276554,23069.55562274534
2023-02-27,26845.732250353543,26966.083385987877,26617.653026819666,26902.12699915937,26902.12699915937,23984.575952308885
2023-02-28,28423.254648327766,28823.475119488296,28157.096440022444,28504.87637278196,28504.87637278196,33853.85989987104
2023-03-01,29995.589757692716,30075.87039898783,29792.00384123939,29987.77545139575,29987.77545139575,20968.515564965877
2023-03-02,29788.976232613222,29706.740179948767,29685.748991650424,29702.81262016343,29702.81262016343,11064.334643107366
2023-03-03,28460.83733288285,28557.429283900936,28285.278148689322,28446.931293017507,28446.931293017507,39409.140724063844
2023-03-04,26418.8691104301,26621.35158546213,26410.479877337886,26576.5687586492,26576.5687586492,35025.996517658125
2023-03-05,25049.589013880068,25402.699544269923,25025.368637222,25129.871458275153,25129.871458275153,33230.23996222636
2023-03-06,25464.5538558756,25496.996042764622,25388.271498057304,25471.95114223504,25471.95114223504,39667.365159672925
2023-03-07,27266.602655511077,27360.05032416871,26993.849497354375,27274.16921594366,27274.16921594366,37009.2335024815
2023-03-08,30014.709029529247,29841.914312456724,29687.36479334304,29817.454811850268,29817.454811850268,18235.279527132847
2023-03-09,30188.86746381918,30436.12586386636,30026.850197707117,30327.46625805908,30327.46625805908,24099.241877734046
2023-03-10,29461.241711840823,29420.454801722375,29200.29326411265,29410.682787657235,29410.682787657235,15044.405667145
2023-03-11,27823.365864502062,27682.57289191001,27474.842428206353,27674.454553669235,27674.454553669235,15194.280536715241
2023-03-12,25896.655254798738,25809.908617817808,25592.716025865986,25669.510280256458,25669.510280256458,37047.82985426157
2023-03-13,26038.536140006345,26211.556065834928,26028.9358410744,26078.97588232474,26078.97588232474,44344.00427929993
2023-03-14,27758.426577868613,27989.804686956533,27310.1501346398,27709.283632596595,27709.283632596595,48509.30335444556
2023-03-15,30598.073369860456,30891.01268277798,29919.11362293952,30541.09733414059,30541.09733414059,35133.884701977775
2023-03-16,30887.18756469826,31116.412038621187,30746.294779715692,30867.63939154293,30867.63939154293,17364.052934438278
2023-03-17,29962.969876822557,30111.435436505668,29936.21507320241,29972.854396946488,29972.854396946488,14226.013817957228
2023-03-18,28300.090774938948,28400.174689102783,28149.592106292832,28256.493235988943,28256.493235988943,42514.03886147031
2023-03-19,26373.37094289397,26805.580426804823,26449.06446624117,26626.595551415936,26626.595551415936,33150.25905439997
2023-03-20,27688.936447472588,27679.71943412473,27556.595973354884,27620.729498466324,27620.729498466324,34731.4008405488
2023-03-21,29609.50645047725,29846.4370746458,29237.84638892859,29596.888660111053,29596.888660111053,41258.483550188364
2023-03-22,31570.34978925611,31727.29540378271,31546.583127095655,31592.597278933936,31592.597278933936,38131.08910929806
2023-03-23,31765.312310901423,31616.42492377423,31461.077473511188,31560.62609132947,31560.62609132947,43378.330114243865
2023-03-24,31148.971179155236,31383.533991686243,31083.2797306234,31216.46458103429,31216.46458103429,12248.556218395139
2023-03-25,28776.226174626725,29245.563599087905,28732.21645141034,28816.53377353323,28816.53377353323,39900.825469860196
2023-03-26,28263.558984890587,28301.923338476015,27896.61555457619,28064.403654670114,28064.403654670114,44034.110292883815
2023-03-27,29499.14787688298,29644.31814941337,29458.90337005858,29582.354007367965,29582.354007367965,21445.40169833257
2023-03-28,30632.26696181034,30814.03386629041,30575.618139314785,30687.278490103992,30687.278490103992,35617.89095973011
2023-03-29,31989.61972826089,32087.082090094274,31784.291424009636,32004.322270603974,32004.322270603974,22566.482553478883
2023-03-30,32560.943941153637,32513.928024716224,32388.970246816636,32476.87049294068,32476.87049294068,48318.84265929816
2023-03-31,31200.354250854693,31205.538140066048,31023.786699416938,31179.574000119363,31179.574000119363,11336.942897420151
2023-04-01,28575.974473766117,28713.999302877168,28613.68243525097,28705.237008481345,28705.237008481345,33191.7137533182
2023-04-02,27640.742973808396,27723.36023044681,27359.06134345161,27693.959830121115,27693.959830121115,16660.141881980602
2023-04-03,27524.795069729727,27778.30633640993,27584.411309285137,27585.530513050948,27585.530513050948,38488.808207086346
2023-04-04,29414.7972691476,29864.623973988175,29288.7710425514,29422.519373669904,29422.519373669904,17035.611336746482
2023-04-05,30605.584267717328,30674.498258855914,30344.659726626483,30562.999901854346,30562.999901854346,19415.3304759343
2023-04-06,31802.510219744807,32034.650240071824,31683.269703661128,31760.68964415601,31760.68964415601,29774.832441830324
2023-04-07,30145.903156819793,30341.160741894884,30184.39678071148,30323.504332224635,30323.504332224635,46593.397999875124
2023-04-08,28569.86239677296,28979.41016554774,28293.647875868246,28463.468298016876,28463.468298016876,18468.57488591883
2023-04-09,27849.925125538142,27985.40315453243,27765.874851405646,27824.66824093848,27824.66824093848,15769.60084472414
2023-04-10,27770.411827273754,27959.781983603178,27617.638772142753,27631.958622514365,27631.958622514365,40359.07327416123
2023-04-11,29390.301067846867,29681.421397933085,29042.306485781635,29345.8812351178,29345.8812351178,30024.78129335724
2023-04-12,31709.777553333937,31710.362905901962,31528.23941739904,31599.64525756036,31599.64525756036,46471.40449527086
2023-04-13,31265.280711217663,31332.422795909704,31040.549547368693,31218.62618007265,31218.62618007265,15864.582286393692
2023-04-14,30400.00701919584,30591.06376820127,30150.34344035425,30265.384443575564,30265.384443575564,35837.115720921574
2023-04-15,28748.54562819663,28772.146112792347,28596.18742031861,28696.32056459485,28696.32056459485,19315.165846072603
2023-04-16,28031.881810075978,28082.389406740742,28031.718597284074,28041.673334720268,28041.673334720268,16270.417146065573
2023-04-17,28073.16399111877,27962.25670186381,27844.50788734845,27845.920519074083,27845.920519074083,37337.17660629082
2023-04-18,28874.788570061322,28988.836203971907,28653.820629938644,28785.884857833335,28785.884857833335,33747.38479634933
2023-04-19,30704.42272804357,30776.90379495633,30507.28260190262,30647.04828594313,30647.04828594313,40193.09833449325
2023-04-20,31090.632720698777,31463.05121570506,31134.06857347473,31218.26316235261,31218.26316235261,22378.503057847294
2023-04-21,30169.120160015995,30304.767615414195,30199.54715216379,30297.95092176235,30297.95092176235,27918.866255287598
2023-04-22,28801.441298620048,28926.16439661759,28666.962781872346,28772.16975040586,28772.16975040586,26218.867053216738
2023-04-23,27401.15084363021,27433.355906211535,26955.930139879136,27386.598723853385,27386.598723853385,49363.57855866057
2023-04-24,27864.03585572592,28236.62724146748,27706.017569876014,27925.448112226753,27925.448112226753,21689.958269575516
2023-04-25,29686.275264138687,29738.35304062037,29576.4095029758,29672.17699417748,29672.17699417748,21792.689533870674
2023-04-26,31074.05662327,31081.899722787424,30742.638777657015,30915.19393046564,30915.19393046564,24181.928353144296
2023-04-27,32340.343973285933,32669.550854345198,32132.107943448107,32270.803725830905,32270.803725830905,32583.76325161286
2023-04-28,31348.060669548307,31536.9728344931,31383.75899253976,31462.161520523583,31462.161520523583,20092.90977054981
2023-04-29,29156.35361310299,29413.038294311944,28955.51721900796,29167.504495817284,29167.504495817284,46611.597615170955
2023-04-30,28369.72598628572,28692.150838109217,28326.821444455636,28450.222634370977,28450.222634370977,20627.42259465054
2023-05-01,28346.834347409345,28720.118816417744,28248.890474410106,28385.6043390502,28385.6043390502,45832.62926240779
2023-05-02,30337.977719659797,30463.14308809597,30106.148143982657,30379.339286222763,30379.339286222763,14139.002545863386
2023-05-03,32511.065162767423,32699.832092179506,32316.440923950544,32558.829721027825,32558.829721027825,36262.50809598609
2023-05-04,32445.69756444755,32582.364917176434,32518.96099539812,32571.21110164489,32571.21110164489,46279.42073752975
2023-05-05,31994.575032351997,32119.005883008158,31933.485072654574,32007.340500503815,32007.340500503815,16749.97753592918
2023-05-06,30458.66492418241,30529.926766149623,30486.04799439869,30514.72568786714,30514.72568786714,48733.0784039702
2023-05-07,29587.2522331009,29987.9483005904,29524.95005552146,29880.197102101127,29880.197102101127,28115.334416620466
2023-05-08,31456.613335671158,31435.450851836868,31169.585570924857,31251.316133220993,31251.316133220993,47828.60433764098
2023-05-09,32837.69168594256,32762.68688532811,32522.94041888448,32728.81472052089,32728.81472052089,37072.80174520188
2023-05-10,33914.509211150995,34234.88218302449,33681.60522647479,33952.1392836435,33952.1392836435,22063.474794942063
2023-05-11,33931.9865135977,33952.34982089338,33625.63277138006,33930.10460862364,33930.10460862364,17532.100996684258
2023-05-12,32359.475365645932,32657.422328670647,32254.103125379705,32476.64080037769,32476.64080037769,22149.401849003974
2023-05-13,30908.6569573468,30886.190658083666,30613.231990827157,30739.084669565713,30739.084669565713,13720.696370507
2023-05-14,30053.8308606881,30111.320626252877,29557.35644922749,29864.101991210788,29864.101991210788,15754.71865373319
2023-05-15,30440.83930349331,30643.43195478751,30318.009638058196,30425.169930668657,30425.169930668657,14186.417613859245
2023-05-16,32541.30726490652,32560.781824669422,32097.4826089694,32438.954200487988,32438.954200487988,26917.74174966231
2023-05-17,34063.176469621714,34264.11034466283,33822.34290373859,34045.64779172832,34045.64779172832,41823.135050303456
2023-05-18,35061.46482621231,35258.41906003886,34947.975046098516,35195.1373700999,35195.1373700999,15655.342168653608
2023-05-19,33976.067950821314,34259.86982771352,33986.07065213035,34017.25028771768,34017.25028771768,15212.817326893435
2023-05-20,33691.52239158477,33706.67297763555,33568.67213560945,33678.32959490757,33678.32959490757,35737.15798069323
2023-05-21,32900.1498311525,33409.47051102318,32913.60095785628,32945.60460302684,32945.60460302684,17887.31927872265
2023-05-22,32917.88303686806,33018.41193249043,32839.39181737805,32939.74836461156,32939.74836461156,13904.401524359664
2023-05-23,33995.35480513142,34042.90458418034,33781.014997701845,34004.494760882335,34004.494760882335,16673.943128223105
2023-05-24,35837.83576401878,35907.74690664583,35556.22376782675,35845.92361380533,35845.92361380533,46949.255835071046
2023-05-25,36162.140609985036,36183.62294189174,36084.96103177747,36156.91476093529,36156.91476093529,42858.850111047635
2023-05-26,35362.29583557846,35498.85030949423,35203.146805001714,35468.35634221812,35468.35634221812,24162.582494203765
2023-05-27,33934.268263487174,34147.59161373769,33923.276846175315,34005.96987839997,34005.96987839997,36232.83069309571
2023-05-28,32795.538329738265,33115.33721966718,32871.94065499168,32923.99675630826,32923.99675630826,31491.026946721522
2023-05-29,33021.103992035554,33080.520329168525,32730.57065182481,32923.322437066934,32923.322437066934,37084.97053930256
2023-05-30,33555.52677584137,34032.338060736955,33574.661287046394,33766.0914700254,33766.0914700254,37306.846098510374
2023-05-31,35258.385673624914,35510.26771391388,35074.26906298325,35143.026639293224,35143.026639293224,35149.36060239971
2023-06-01,36132.58351597412,36095.54684163035,35984.218105933745,35993.948576247836,35993.948576247836,20644.054741492342
2023-06-02,35025.21872385146,35276.1101037845,35048.87738346741,35055.436782549725,35055.436782549725,11560.256830512724
2023-06-03,32473.248408306066,33164.1402356793,32581.863050148782,32733.562117088797,32733.562117088797,28222.671279604354
2023-06-04,31738.462858054416,31852.309635157337,31728.51377140999,31774.593914251145,31774.593914251145,45638.95538762815
2023-06-05,32383.556727779523,32888.57504739497,32205.128515054745,32389.975143908407,32389.975143908407,32779.89034074303
2023-06-06,33447.179249116314,33549.45325341719,33370.19938888425,33548.23907110921,33548.23907110921,43295.641668076314
2023-06-07,35173.7724300025,35392.99242427365,35018.24440243858,35225.294269383325,35225.294269383325,49664.973718449124
2023-06-08,35830.14068828556,35693.48704010873,35307.8835959516,35677.12116839922,35677.12116839922,16544.64816553105
2023-06-09,34126.57006995086,34079.85528435891,33874.1751816822,34060.077353720684,34060.077353720684,37671.10556567929
2023-06-10,32447.50934635209,32723.781054387455,32240.659906771885,32539.9657577899,32539.9657577899,36971.74294800099
2023-06-11,31615.039438251235,31832.854264048507,31644.7945683294,31774.799355210776,31774.799355210776,49198.21789433114
2023-06-12,32706.345784830326,32792.525979405684,32722.359922633234,32739.047516591305,32739.047516591305,49424.02935811201
2023-06-13,34844.795509975054,34930.480749149305,34576.21214397039,34866.1411879101,34866.1411879101,37467.14446896518
2023-06-14,35827.11906796923,35911.11723996151,35593.12718660784,35777.4991492329,35777.4991492329,19744.59167928777
2023-06-15,35677.77749781147,35929.71763897554,35530.517694651935,35731.309169068234,35731.309169068234,41942.23352522396
2023-06-16,34994.41809444556,34978.260088248455,34901.814671029584,34943.26813690937,34943.26813690937,14281.165368441525
2023-06-17,33694.67124026657,33652.30486815912,33487.2869688533,33501.15583626055,33501.15583626055,41227.97216686515
2023-06-18,32794.67111589471,32820.42298236436,32568.773502982825,32713.121013650278,32713.121013650278,46407.84496578786
2023-06-19,35057.400448037486,35241.90289512877,35026.84512434268,35062.20929877056,35062.20929877056,25313.33579073741
2023-06-20,36929.53215231316,36953.48343089232,36838.51118250103,36947.84719941849,36947.84719941849,35225.41179932322
2023-06-21,39080.155351392146,39117.646464138976,39061.49164274492,39115.82266481013,39115.82266481013,27205.709283873053
2023-06-22,40133.610177594834,40232.72519951593,39680.855668289914,40015.54608634962,40015.54608634962,27510.60219952514
2023-06-23,39232.95170164418,39390.622692815305,39027.590835881245,39295.68304623931,39295.68304623931,22414.8355643248
2023-06-24,37443.56541871421,37444.04853956324,37179.126900428695,37439.04314781421,37439.04314781421,40485.18481801299
2023-06-25,36778.08888248568,36936.52235213763,36607.02260872174,36772.96909229757,36772.96909229757,47447.062566660206
2023-06-26,36759.10060554051,37087.32053462513,36646.999713923346,36809.27902482166,36809.27902482166,47630.034369378445
2023-06-27,38153.81581196458,38402.624428023366,38061.40970900247,38291.062366752994,38291.062366752994,16991.251394997355
2023-06-28,39680.87068850156,39650.64376210848,39484.81770938882,39648.5732381398,39648.5732381398,44989.74598626264
2023-06-29,40106.13245044034,40374.600094095906,39804.64646394337,40112.23284762588,40112.23284762588,39497.25765708489
2023-06-30,40274.02751214306,40437.026197814484,39999.494503950526,40224.00346519941,40224.00346519941,20113.49602761157
2023-07-01,37538.00556215464,37652.41053366949,37407.865028595705,37591.36559279856,37591.36559279856,12691.384516860582
2023-07-02,37011.0191521039,37010.839462654454,36685.4047288539,36888.9370222226,36888.9370222226,20719.890675375118
2023-07-03,36417.62424829948,36542.69588701775,36451.002564255534,36505.30162642066,36505.30162642066,46488.32947126102
2023-07-04,38040.73236722907,37880.85832380671,37759.233083779385,37869.52833882729,37869.52833882729,35327.14699583089
2023-07-05,39839.4326316295,40120.134833483666,39946.07843933222,40014.19628261232,40014.19628261232,38842.186435914875
2023-07-06,40512.535838408665,40483.158587564794,40390.91964776735,40469.05883195298,40469.05883195298,20286.094044363832
2023-07-07,38932.17084547778,38981.92810599036,38619.333351562906,38884.62777722512,38884.62777722512,38775.52622299281
2023-07-08,36748.41493969608,36840.865529452196,36618.50710516588,36827.97064649017,36827.97064649017,11124.86025111695
2023-07-09,36164.65024898037,36517.30416846504,35888.29285670871,36122.210855194266,36122.210855194266,25012.853830920554
2023-07-10,36307.70194610459,36367.61715789233,36133.87193031497,36179.75007912858,36179.75007912858,35070.133941693246
2023-07-11,37666.49013528551,37916.98953036524,37879.47662925815,37888.17201922092,37888.17201922092,15843.86262165281
2023-07-12,39561.42506522325,39753.08953304239,39204.92908396303,39511.15058447417,39511.15058447417,42920.14297787739
2023-07-13,39358.74586843115,39728.0586964634,39505.22199926059,39608.07295046416,39608.07295046416,19401.251952476745
2023-07-14,39537.919849011254,39940.63649583231,39520.074841020745,39634.48632936357,39634.48632936357,36091.244512737845
2023-07-15,38415.35720090775,38496.19293475711,38240.00236101779,38252.44056441765,38252.44056441765,26207.885703013188
2023-07-16,36136.13240198641,36236.99917951166,35969.43993335152,36194.31060532562,36194.31060532562,33841.74381910589
2023-07-17,36592.8723060623,37008.40552987319,36643.444856307215,36710.2603025032,36710.2603025032,14298.022105156324
2023-07-18,37959.765942521866,38009.293206860755,37866.63853024162,37979.559715420335,37979.559715420335,10676.511996864294
2023-07-19,40212.759661936165,40073.38622234342,39802.03616038139,40005.96902811981,40005.96902811981,46382.57709521205
2023-07-20,39849.26297397579,40155.111731404584,40027.72076852155,40032.431198696395,40032.431198696395,20785.20035068731
2023-07-21,38824.37332103574,38989.998249497294,38894.6334606191,38929.50431219967,38929.50431219967,42787.08011121836
2023-07-22,37632.73584390294,37560.628039293224,37437.93109117679,37482.99267558498,37482.99267558498,49974.01201888801
2023-07-23,37056.081841260595,36904.39485138192,36796.40622114015,36870.31160690682,36870.31160690682,18457.250319956445
2023-07-24,36682.542820742776,36725.00073938177,36666.59142403747,36692.8859431718,36692.8859431718,20606.829647334223
2023-07-25,38001.9227003,38126.43717458335,37960.61853626437,38125.827970552666,38125.827970552666,36514.39150538662
2023-07-26,39698.132310454464,39575.93559422282,39401.19511282591,39488.54796027355,39488.54796027355,48617.94538402485
2023-07-27,39744.050122954526,39822.735138736876,39263.29046363187,39584.60588377961,39584.60588377961,46632.57392762975
2023-07-28,39489.669036933155,39611.685165245195,39071.857557315845,39421.77433815693,39421.77433815693,30115.020802623396
2023-07-29,37844.01968263875,38222.23951122247,37648.96910179439,37925.25991753249,37925.25991753249,41804.41130106899
2023-07-30,36244.35634051791,36760.0435015821,35990.80673558059,36249.25927460171,36249.25927460171,15429.834123996043
2023-07-31,37114.87677981749,37317.77677016983,36992.971226872934,37130.912787921974,37130.912787921974,49097.52736816049
2023-08-01,39825.268662191185,40065.55927141271,39691.58857761936,39792.18353172963,39792.18353172963,48574.12936143946
2023-08-02,42053.70895111973,41953.56188768513,41855.91136424038,41908.60880730659,41908.60880730659,16549.15831516684
2023-08-03,41659.58806823619,41805.66896933432,41512.80153831975,41571.64636412245,41571.64636412245,21976.924992124266
2023-08-04,40176.23305422762,40644.366749442095,40237.089101862824,40283.97066192609,40283.97066192609,14006.199900270676
2023-08-05,39356.07060541643,39326.713506055436,39061.6678272972,39218.42096041448,39218.42096041448,20868.703955927187
2023-08-06,37850.340775843164,37970.858593902376,37680.919351378594,37819.027561841845,37819.027561841845,42638.23157660826
2023-08-07,38532.366395293706,38578.96189585316,38280.42143261156,38463.65981570781,38463.65981570781,25132.62428661038
2023-08-08,40597.823573651665,40969.37794615279,40284.805046077716,40451.169487723804,40451.169487723804,13535.878685870335
2023-08-09,41476.73887228482,41697.14578688667,41574.46123922631,41587.896897236176,41587.896897236176,23689.020991156183
2023-08-10,41977.27420112752,42059.21756007868,41837.70476117602,41980.85675899817,41980.85675899817,49255.333369651205
2023-08-11,39261.518968064476,39610.44673695522,39178.25401005787,39314.6644232004,39314.6644232004,35187.34381036812
2023-08-12,36946.67938389178,37140.137310384154,36806.01609536114,37103.465326428326,37103.465326428326,26646.43785624631
2023-08-13,35966.293582729,35934.684554803105,35815.6119366945,35931.62258496851,35931.62258496851,16661.5405398908
2023-08-14,35981.60918893739,35846.31183369917,35682.57263367187,35730.45353377895,35730.45353377895,49447.07189134779
2023-08-15,37962.84405659557,38170.76790472897,38046.91480898556,38146.851831046144,38146.851831046144,42833.96037052515
2023-08-16,39028.74572626222,39226.58757554348,38937.57333318332,39031.97378736717,39031.97378736717,21259.092098036774
2023-08-17,39298.72837731905,39473.98838414447,39219.48303022836,39234.67408381157,39234.67408381157,12802.747828847578
2023-08-18,38266.79352685703,38286.191621296806,38105.94922301947,38254.48570669141,38254.48570669141,12265.02229510232
2023-08-19,37264.80426986797,37281.57798302153,37179.66728458341,37276.117075119546,37276.117075119546,14815.125980221354
2023-08-20,35382.705697421974,35699.280925581195,35265.094849301095,35512.627333766555,35512.627333766555,33230.74334457687
2023-08-21,36540.210423930956,36605.588199875245,36343.100536759084,36516.93174963694,36516.93174963694,47150.536848219694
2023-08-22,38046.56452774649,38299.201468253465,37944.78275799473,38122.24092544808,38122.24092544808,29869.73712023938
2023-08-23,39012.68707472759,39266.26845721013,39079.02202438973,39231.679245225445,39231.679245225445,43717.81929824789
2023-08-24,40004.91274420134,40227.795218178435,39877.86595506045,39885.45352214997,39885.45352214997,27835.464794392312
2023-08-25,39035.263286157686,39213.80493275975,38802.75890561126,38939.42470417348,38939.42470417348,38343.341830713005
2023-08-26,36945.477087174266,37263.023269064506,36898.44822557329,36940.31098948916,36940.31098948916,39274.90949146003
2023-08-27,35952.560835041484,36223.88743171963,35715.05775666771,35929.65336622091,35929.65336622091,16958.548236133545
2023-08-28,36267.15090885447,36201.583843013286,35686.94460865904,36159.71910758291,36159.71910758291,24448.64235903247
2023-08-29,37839.104391187684,37950.48497324186,37659.47321898288,37816.670425509874,37816.670425509874,35492.086261520955
2023-08-30,39838.330163547886,39955.90934555097,39471.719487441,39747.928408071755,39747.928408071755,12827.864327374647
2023-08-31,40933.91113584996,41084.782463884716,40902.89563681637,40963.65935593734,40963.65935593734,24461.607510518264
2023-09-01,39430.39131461808,39664.394883470064,39154.880439735454,39299.19294076068,39299.19294076068,31391.978651247697
2023-09-02,38698.78292457716,38802.28952625175,38620.53107721494,38666.70435198389,38666.70435198389,49848.979721785545
2023-09-03,36664.50698081997,36742.68406808852,36354.44965379518,36645.10178645938,36645.10178645938,28981.342504897628
2023-09-04,36864.92566986328,37423.393421387584,36724.21061878983,36991.931778734484,36991.931778734484,42642.27028457294
2023-09-05,38914.978612708226,39007.42601187872,38747.69930267173,38886.283027278056,38886.283027278056,27282.69140266471
2023-09-06,40543.77611469754,40775.39068084885,40505.7994422952,40626.97160644698,40626.97160644698,41855.628904788355
2023-09-07,40674.51611367673,40798.20290241088,40394.468805088116,40738.344386329576,40738.344386329576,33816.59206480434
2023-09-08,39507.18703255614,39849.07285326751,39190.221524754124,39588.72459538775,39588.72459538775,45463.817660095934
2023-09-09,37536.59535876344,37955.52109129874,37489.887534396694,37643.21885195337,37643.21885195337,26437.702094004395
2023-09-10,36515.45494801973,36309.37863753119,36193.06638053632,36302.97780771804,36302.97780771804,34172.17679285916
2023-09-11,37283.63530222023,37301.184970090624,36978.58381862543,37150.50139602139,37150.50139602139,35200.7472247531
2023-09-12,39121.23853451973,39021.196212893126,38851.7756543474,38929.2017843053,38929.2017843053,26695.317672018933
2023-09-13,40060.6501300208,40318.48270592678,40173.85738838991,40182.939631976355,40182.939631976355,15772.48174749926
2023-09-14,41062.58748447693,41458.13955899116,41050.38442537736,41055.46210948584,41055.46210948584,13742.376276493422
2023-09-15,40034.20244164048,40190.86027037744,39779.61857292136,40163.55320416089,40163.55320416089,10666.862023985324
2023-09-16,38801.409499755784,38944.04329773792,38868.21143825664,38870.97898747549,38870.97898747549,44941.37056980858
2023-09-17,38048.422044332365,38177.170803847,38002.28918786119,38140.23474267402,38140.23474267402,19458.996489547782
2023-09-18,38272.41817764998,38417.885034911764,38049.83521252587,38148.459777005824,38148.459777005824,18460.26997127072
2023-09-19,39428.93893439853,39662.88470991083,39179.83550151494,39468.561902208705,39468.561902208705,39441.41601704262
2023-09-20,41549.23928344114,41682.48413166062,41191.09997121588,41442.401350071734,41442.401350071734,22800.64452349567
2023-09-21,42230.72111154021,42301.68787837564,42007.66798523176,42170.30902258136,42170.30902258136,30241.787696473464
2023-09-22,41344.66343504654,41323.68175637245,41058.5069737697,41114.29955983606,41114.29955983606,16500.442611898252
2023-09-23,39326.0135530715,39581.28852589093,39418.0059416863,39473.95797538547,39473.95797538547,48389.828858478766
2023-09-24,39193.155081495155,39304.37258844908,38909.15737830613,39067.23175751648,39067.23175751648,44063.25600068949
2023-09-25,39308.8126899315,39337.959265024445,39126.15834397766,39194.168602891434,39194.168602891434,44551.58491860013
2023-09-26,40970.57205497514,41267.11947593901,40953.78733933394,41067.90993877785,41067.90993877785,26270.94994288021
2023-09-27,42667.71959150952,42718.3652755761,42373.36932575564,42567.00625786221,42567.00625786221,40494.44854828691
2023-09-28,42914.50269234412,43165.25032938986,42814.62651940483,42880.888196041495,42880.888196041495,15755.046215591206
2023-09-29,42361.970330276585,42684.984686663025,42262.270609370375,42384.717956271925,42384.717956271925,10344.760103671211
2023-09-30,41016.02730596376,41162.95682242938,40881.3907493494,41098.42085466096,41098.42085466096,10798.917303121125
2023-10-01,40387.706061753124,40509.78361018905,40294.534900902254,40459.61700689804,40459.61700689804,33464.06949618242
2023-10-02,41740.06015984663,41800.71777863785,40945.2600652063,41535.07895026804,41535.07895026804,28215.796209917633
2023-10-03,43145.84179828155,43257.01951826593,42896.83760023845,43145.7735163858,43145.7735163858,30720.61395634079
2023-10-04,45165.15564748782,45178.120201751,44816.72777409307,45086.942647334676,45086.942647334676,10298.525616688776
2023-10-05,45275.44187066406,45787.53227781103,45090.0402174821,45354.53180883081,45354.53180883081,26907.464786297027
2023-10-06,44393.07102468962,44599.75996538781,44374.683106968085,44471.056319311785,44471.056319311785,38722.72644803443
2023-10-07,42815.17799694806,42892.54754163932,42597.52655654748,42706.97951602307,42706.97951602307,27707.748078697434
2023-10-08,41574.96121160099,41721.32145773556,41600.14206569267,41709.91883275614,41709.91883275614,39288.768252488895
2023-10-09,42388.69850847696,42483.93834104014,42379.22872655675,42430.21988526749,42430.21988526749,19320.75857587339
2023-10-10,43624.70493005927,43926.995874234555,43596.21133695146,43621.302188952046,43621.302188952046,42525.680179269024
2023-10-11,46278.82573228019,46369.25562335411,46202.11256726431,46267.68847209618,46267.68847209618,33537.24961813809
2023-10-12,46169.49299263762,46295.061536949164,46170.22371988057,46187.402321139234,46187.402321139234,18430.52397719625
2023-10-13,44574.331327091735,44749.2508164441,44090.88927443264,44534.74934898214,44534.74934898214,19468.81903415332
2023-10-14,43484.085085209095,43487.790055535894,43368.83958351228,43414.799509627315,43414.799509627315,35121.21858278148
2023-10-15,42838.53594539137,42932.91412431324,42594.79090399337,42765.072190845436,42765.072190845436,43197.58372849773
2023-10-16,43401.27425829761,43708.816477968605,43464.812355382695,43499.8546391644,43499.8546391644,26625.111281166206
2023-10-17,45385.804529305045,45807.49135697313,44817.168238577244,45414.22003909793,45414.22003909793,20332.017165103687
2023-10-18,47127.76558416347,47419.53072396384,46934.792964880915,47008.289297975774,47008.289297975774,44680.46427642402
2023-10-19,47071.849370783166,47203.02632517012,46919.6787147913,46982.38465202578,46982.38465202578,36770.7316700334
2023-10-20,45837.442320211274,46018.97899007653,45790.36796496393,45974.72826535938,45974.72826535938,27923.41949132306
2023-10-21,43972.29012353367,43992.50479347623,43840.604556056605,43937.14213349845,43937.14213349845,29516.007811172072
2023-10-22,43181.32080950657,43440.62467400587,43295.12443635368,43379.14333444405,43379.14333444405,18170.258717455858
2023-10-23,43733.03067369187,43891.48462599369,43606.9670648427,43728.33718348583,43728.33718348583,35072.10520259375
2023-10-24,45105.55793206555,45087.8759280629,44504.47251742504,44915.78123039095,44915.78123039095,24349.700421715548
2023-10-25,46260.49168313888,46471.896442579564,46129.103267800594,46355.280954865775,46355.280954865775,49825.80706697397
2023-10-26,46901.03691724738,47017.893564553815,46889.742806434246,46984.469221796535,46984.469221796535,29207.340610475512
2023-10-27,45733.4512577887,45713.564269729075,45471.77205363511,45657.04827963142,45657.04827963142,29435.424247584528
2023-10-28,43392.65265422216,43596.671030979836,43435.83027647468,43546.93280574313,43546.93280574313,32634.071496426874
2023-10-29,42559.94224273739,42944.68686092988,42439.48044342867,42623.21774572589,42623.21774572589,46670.24012474987
2023-10-30,43228.0676848313,43266.61856140077,43084.95020835211,43168.42357107312,43168.42357107312,42032.723994390006
2023-10-31,44451.71604392002,44662.12018589892,44456.12664584138,44515.14462868896,44515.14462868896,28045.202791913656
2023-11-01,45856.221122459996,46012.39437491458,45684.65477731216,45879.818121181095,45879.818121181095,38747.97063891184
2023-11-02,46492.98420068432,46653.26040114988,46234.874740864325,46418.56562965281,46418.56562965281,33449.41995123046
2023-11-03,44691.119401494616,44685.1691048817,44399.82131785168,44648.964793140956,44648.964793140956,29694.681948049958
2023-11-04,42272.90946947725,42505.594019438875,42235.24080764774,42246.22762984771,42246.22762984771,17692.63091137402
2023-11-05,40807.53462553127,40921.3844438088,40699.530882508436,40841.44685345827,40841.44685345827,28557.450538195637
2023-11-06,41194.451928922084,41287.71719615355,40905.74483526012,41157.445817395186,41157.445817395186,19832.743480902987
2023-11-07,42900.718977485485,43018.81558184542,42869.68883541059,42913.09224549546,42913.09224549546,46593.68599406619
2023-11-08,45296.743560264236,45368.235803022675,45189.2664415805,45250.96299927166,45250.96299927166,23416.272539853875
2023-11-09,46052.82214815383,46350.17196495236,45617.17205339652,46102.51535066563,46102.51535066563,48090.56058133489
2023-11-10,44958.73052248268,44981.241735267846,44890.39545484849,44976.98741992063,44976.98741992063,31322.211603788448
2023-11-11,43169.47826060912,43330.24064238411,42992.95053971347,43268.47403986432,43268.47403986432,35261.77514704641
2023-11-12,41718.14993078161,42062.09368070928,41608.695890948045,41721.65069178223,41721.65069178223,31717.61777957311
2023-11-13,42054.01657721605,42183.26729947665,41930.84000449305,42135.116663578934,42135.116663578934,15175.224678668035
2023-11-14,43479.57534440397,44111.31661225625,43173.291434846185,43590.97998942017,43590.97998942017,25032.84876031764
2023-11-15,45378.398029676144,45465.63384401691,45035.335252443016,45352.531914890606,45352.531914890606,13965.844491104957
2023-11-16,45382.91296049311,45713.791534738506,44985.654105879534,45361.638982907345,45361.638982907345,34918.161767335274
2023-11-17,44654.04094775957,44726.42189848561,44201.56053919035,44575.75357426471,44575.75357426471,27874.967808017558
2023-11-18,43600.00519770361,43719.349431637675,43565.19491918694,43643.11775466112,43643.11775466112,41119.39886283747
2023-11-19,42583.98429935306,42801.129565485935,42369.52046829412,42543.17901466939,42543.17901466939,18818.819239974793
2023-11-20,43221.83717273908,43301.3936857657,43059.83159828722,43166.75741551171,43166.75741551171,16582.642337173398
2023-11-21,45156.49943745172,45139.713253465314,44584.872508865184,45112.02205666856,45112.02205666856,26253.289238550715
2023-11-22,46429.039097746914,46756.464113285,46510.9293647077,46511.60446602713,46511.60446602713,47063.415328735246
2023-11-23,47061.30959495229,47088.17789818237,46980.809012156555,47046.37324672517,47046.37324672517,38416.87260049647
2023-11-24,46043.52481095826,46177.21487219465,45822.256753445225,46007.11078135279,46007.11078135279,26756.944991716748
2023-11-25,44357.66140121313,44473.04824448328,44154.16436406383,44356.94355452234,44356.94355452234,30690.886790172422
2023-11-26,42716.23223099424,43042.59567771547,42907.742564550674,42924.87999683135,42924.87999683135,13368.520447083934
2023-11-27,43375.90658615102,43693.83852462395,43174.772698541754,43359.85762375367,43359.85762375367,49383.03585504452
2023-11-28,45430.30251861749,45287.98372064237,45157.97266354291,45209.04941467777,45209.04941467777,36656.29218779676
2023-11-29,47498.809937000915,47773.990476283645,47355.744599404,47534.81386387661,47534.81386387661,21416.1627385369
2023-11-30,48364.36410692662,48526.092350356186,48355.551648880115,48437.17181671216,48437.17181671216,33432.33576860977
2023-12-01,48505.53923567583,48707.53067703382,48269.04130074665,48468.20437970469,48468.20437970469,14379.29464275976
2023-12-02,46416.76314320245,46507.481903019674,46255.29807379106,46385.525322155794,46385.525322155794,48633.46675230334
2023-12-03,45895.40049129448,45802.93040808743,45604.43675142151,45776.12697475284,45776.12697475284,16991.399515334637
2023-12-04,46164.733701823956,46293.458156360684,46243.59640342336,46290.52051741484,46290.52051741484,35921.21272220857
2023-12-05,49058.75265458264,49142.59429194159,48977.96703033314,48985.614629325144,48985.614629325144,19818.178501557217
2023-12-06,50240.70033807401,50311.31421871764,49891.93984902216,50181.65813194887,50181.65813194887,38702.45530594143
2023-12-07,50170.30509695731,50208.70938037292,50124.58442105001,50184.519750651365,50184.519750651365,41072.85468961124
2023-12-08,48873.13349395833,48923.17125094756,48829.22383875781,48839.26476216616,48839.26476216616,36936.78915645731
2023-12-09,46181.257372066124,46255.810059466705,45554.15300570029,46078.31162390629,46078.31162390629,34579.9784102077
2023-12-10,44857.10698530554,44857.367107367376,44547.48204214786,44769.87544730269,44769.87544730269,45698.763758080466
2023-12-11,44698.72972511131,44957.50792788424,44520.196208568195,44813.031656318686,44813.031656318686,13145.068439590323
2023-12-12,46570.43701353373,46562.987825276534,46289.04944016502,46488.42119485818,46488.42119485818,23236.590631207808
2023-12-13,48253.02296754482,48604.88459829475,48203.36454715004,48259.49182804807,48259.49182804807,19931.49918523384
2023-12-14,49627.58719725048,49700.227024571854,49268.575690609905,49620.29978744893,49620.29978744893,49520.55848261686
2023-12-15,49057.27273987896,49094.88998592917,48975.53194625742,49049.95304077879,49049.95304077879,25575.591186674937
2023-12-16,47047.47163796279,47249.01410321724,46984.664097709036,47062.49593684262,47062.49593684262,39304.50796961595
2023-12-17,45686.9006851159,45851.4030819918,45557.105804801686,45567.729935405194,45567.729935405194,37389.00655524018
2023-12-18,46228.04026496641,46588.57382334749,45991.69828446761,46236.412060951334,46236.412060951334,18483.24949909511
2023-12-19,47064.533489903995,47481.61936565633,46957.19425598013,47176.48810274231,47176.48810274231,19559.907208462053
2023-12-20,49653.0571453739,49944.926951656314,49567.274673471635,49692.41013097088,49692.41013097088,21251.382542121362
2023-12-21,50722.72220280547,50815.224360302906,50441.00329220467,50704.85273112442,50704.85273112442,26445.091130375167
2023-12-22,49547.627717738535,49936.34609644248,49384.110111829694,49424.70623930883,49424.70623930883,19373.002626021073
2023-12-23,46929.443167153295,46981.98321838989,46709.12598577888,46869.133698658414,46869.133698658414,10786.059309873912
2023-12-24,46415.45769210322,46537.42148061733,46487.80630505485,46500.511219977925,46500.511219977925,45175.72227228782
2023-12-25,47114.482828812375,47174.385827658065,46618.476210207664,46865.96383714449,46865.96383714449,48624.393255235365
2023-12-26,49111.54216953031,49486.28321606433,48993.60430741515,49085.06463843251,49085.06463843251,23662.815481262718
2023-12-27,50015.582528136634,50300.34416966401,49879.478778074415,49888.04345433673,49888.04345433673,23540.275177018913
2023-12-28,49995.90703929505,50252.7517287714,49999.473935691094,50011.078482652774,50011.078482652774,10283.67251097484
2023-12-29,49021.4775912192,49172.95417191095,48798.4554903076,48968.141666748656,48968.141666748656,37210.02753321496
2023-12-30,47376.573537977994,47411.1320773664,46843.24882072923,47292.62668752616,47292.62668752616,43017.59582994515
2023-12-31,46143.854757198606,46177.707501256504,45900.69522707012,46022.03528602318,46022.03528602318,15864.332014400126
2024-01-01,46861.91962252762,46866.4199352555,46713.9260535339,46756.18279198979,46756.18279198979,16386.65397468603
2024-01-02,47909.78492260718,47986.20499928434,47582.5494313145,47822.56522259988,47822.56522259988,41603.32999885751
2024-01-03,49320.0594522712,49352.243016872795,49253.187635889364,49351.56812539061,49351.56812539061,34651.62993416579
2024-01-04,49777.26387684382,49868.475405544414,49459.12793983105,49834.438481039426,49834.438481039426,11794.422305108681
2024-01-05,49079.35998333797,49136.744842171,48922.15694311232,49046.09923230555,49046.09923230555,34901.879618491264
2024-01-06,47796.21420247923,47842.178884736466,47575.828917479994,47702.90139524512,47702.90139524512,22356.70891375064
2024-01-07,46072.74961348525,46286.08272527701,45857.08835174484,46095.02168356291,46095.02168356291,24749.006218833838
2024-01-08,45857.204334559356,45768.368515246286,45625.81806004527,45750.687137987916,45750.687137987916,40789.25673187521
2024-01-09,48134.979868787166,48285.2242104496,47952.81312270738,47989.71819423855,47989.71819423855,42437.40770690443
2024-01-10,49664.43575362233,49984.405668356376,49635.11891262203,49756.06784552967,49756.06784552967,26014.265073593226
2024-01-11,49720.85504666474,49843.27900890032,49363.43390562456,49804.54711704437,49804.54711704437,47886.11744025419
2024-01-12,49520.52693315176,49677.92890316286,49355.15119966487,49534.5644390423,49534.5644390423,26258.50871808289
2024-01-13,47924.15774690277,48266.703803498465,47638.42147182811,47893.39648008385,47893.39648008385,40873.441409204395
2024-01-14,47385.02970497583,47454.02254352108,47307.18200808464,47437.48640635254,47437.48640635254,29355.090582570363
2024-01-15,48029.188454737196,47918.31768852713,47666.43105276552,47893.96818685048,47893.96818685048,45901.29306088336
2024-01-16,50566.94148074471,50827.22474324129,50484.23648780336,50524.534794592866,50524.534794592866,46310.44974600714
2024-01-17,53006.34256593984,53128.560198026724,53001.09359806987,53002.397861115765,53002.397861115765,13496.672314843354
2024-01-18,53157.04737428229,53505.47569153498,53180.87944875676,53300.63832666914,53300.63832666914,47459.73325240903
2024-01-19,52609.2835547404,53111.68364964999,52607.19703863953,52740.86513638315,52740.86513638315,43021.393660816626
2024-01-20,51392.64876009893,51608.75457417582,51217.71307531505,51364.54783507075,51364.54783507075,41652.42857250667
2024-01-21,50790.0453854582,51119.72448876741,50986.905836790975,51003.30494807369,51003.30494807369,18036.453587420896
2024-01-22,51044.82949854087,50988.86257734643,50852.10967665342,50943.56575757646,50943.56575757646,42204.7683501866
2024-01-23,52870.96874843982,53078.67198022175,52595.619668447696,52886.78413287705,52886.78413287705,44005.309387401474
2024-01-24,55340.49831856264,55090.63037681738,54875.28771363822,55016.18902160317,55016.18902160317,21566.01337816604
2024-01-25,54790.33344324614,54777.29154212537,54401.730480709426,54559.54181818453,54559.54181818453,48090.403134492946
2024-01-26,52904.20898916368,53299.271157275354,52905.58857050256,52922.35389608843,52922.35389608843,11994.40585596657
2024-01-27,50193.09883085028,50512.38123675784,49921.64070206271,50203.73253110341,50203.73253110341,15996.370129885587
2024-01-28,49123.02859951814,49121.240332475194,48941.517888926035,49023.470448117936,49023.470448117936,31503.245522060573
2024-01-29,49975.28137680061,50028.88760246661,49632.746533774094,49804.964115808805,49804.964115808805,33031.69884489239
2024-01-30,51992.53238141451,52184.51253654035,51875.66129313307,52156.33528715811,52156.33528715811,35806.00333203614
2024-01-31,53614.93777613393,54147.26319578197,53653.99466816159,53793.5753226694,53793.5753226694,10678.765172618658
2024-02-01,54968.40215469252,55095.239178084914,54941.99683102226,55030.60563524796,55030.60563524796,48414.67098488521
2024-02-02,53353.26999869468,53324.51675763703,53199.09764689745,53294.996240377295,53294.996240377295,11783.52370936576
2024-02-03,50793.98710364551,50837.5070449684,50684.984635566594,50744.29974459475,50744.29974459475,15722.478108936095
2024-02-04,49777.944374881605,49989.907842836576,49578.3302703297,49670.96722938322,49670.96722938322,10560.58070104228
2024-02-05,50165.75274080919,50388.442514959665,50246.264040519476,50285.72249364572,50285.72249364572,32674.33733176379
2024-02-06,51637.95337860306,51976.10793283233,51807.30603021137,51869.56776489995,51869.56776489995,47290.67535683889
2024-02-07,52521.84077971172,52670.02272732356,52096.04788526623,52436.0393601815,52436.0393601815,36637.88664321857
2024-02-08,52731.382252921445,53388.654322874296,52599.89324977099,52814.20188021797,52814.20188021797,42906.29873921709
2024-02-09,50914.559677763405,51121.9114452124,51078.28134594927,51116.40846420227,51116.40846420227,10531.248138343204
2024-02-10,49766.74583710837,50106.68978184638,49563.97734635893,49752.23946251243,49752.23946251243,31680.611939189042
2024-02-11,48969.29748861944,49222.231762707146,48683.475139092065,48889.97991979757,48889.97991979757,28382.519100220874
2024-02-12,48830.55685321461,48934.18181774399,48763.17715643738,48842.76256642674,48842.76256642674,29958.71776883172
2024-02-13,50140.23691444151,50306.46416513212,49824.16048311314,50186.021753059766,50186.021753059766,12888.527413407519
2024-02-14,51240.67141420209,51350.36248863168,51212.9984583382,51256.60763741668,51256.60763741668,37377.4144427723
2024-02-15,51610.9323523329,51847.66771641064,51478.46384284917,51647.99062857298,51647.99062857298,30128.81659434538
2024-02-16,50945.19841186635,51140.361503024265,50949.58534534176,51080.00312306037,51080.00312306037,40605.95399445056
2024-02-17,48816.66675608868,49041.35087946466,48670.208216319246,48888.134823787725,48888.134823787725,29411.625362468614
2024-02-18,48146.72740628473,48339.98606056021,47937.64703415781,48094.59941578335,48094.59941578335,15975.265449057282
2024-02-19,48284.36100052758,48272.223961685915,48178.09152667192,48252.193146389924,48252.193146389924,35930.27816311288
2024-02-20,49472.7553561569,49496.68412559561,49174.83597172449,49455.949375560216,49455.949375560216,16895.45448420665
2024-02-21,50903.1119926989,51178.22335823555,50999.503174094316,51002.62684088424,51002.62684088424,44895.7825341926
2024-02-22,50889.577903253885,51073.10429027542,50727.27278471012,50907.72821946745,50907.72821946745,34524.64956276966
2024-02-23,49367.6383963864,49630.64067941099,49403.7936650013,49585.34490103069,49585.34490103069,16288.155342278169
2024-02-24,47305.24834501982,47360.873779994516,46983.543893902926,47287.40067863128,47287.40067863128,48493.522299248274
2024-02-25,47367.090350107595,47406.921504572885,47122.04616162072,47224.20457932624,47224.20457932624,30734.618533412824
2024-02-26,47517.14568190073,47825.19468524101,47458.44277798013,47664.55889510494,47664.55889510494,12915.9380748662
2024-02-27,48856.29601907826,49213.426500201946,48783.32187563961,48914.88878641004,48914.88878641004,35073.31617660269
2024-02-28,50654.98206494947,50676.29610728697,50451.166341665135,50622.07138707846,50622.07138707846,20127.956280512408
2024-02-29,51113.91416546874,50992.903360895674,50770.24312194693,50988.62990202599,50988.62990202599,42147.7380750921
2024-03-01,49787.76397486621,49982.02877232579,49654.53693632892,49832.586436496225,49832.586436496225,42712.88294264763
2024-03-02,48371.43947748638,48925.51256246756,48406.29664245427,48440.66451041297,48440.66451041297,49157.894234186475
2024-03-03,47576.96738543176,47950.668778945575,47663.20945567641,47773.85969967337,47773.85969967337,30074.781240980148
2024-03-04,47941.67547859178,48078.700445079456,47696.212744535995,47931.33166566097,47931.33166566097,28198.275189109485
2024-03-05,49447.8227946543,49299.880702063565,49064.6012221846,49243.615190639925,49243.615190639925,40139.02421785922
2024-03-06,50734.017833561964,50719.68013081047,50586.83634371482,50706.281987365495,50706.281987365495,15298.826253677064
2024-03-07,49975.81604687221,50081.2317883314,49788.37434394574,49978.04394479058,49978.04394479058,31876.62055172497
2024-03-08,48207.097979004815,48487.39891930542,48082.24848950829,48174.889747928115,48174.889747928115,31849.90400523404
2024-03-09,47158.212405150545,47265.13214101466,46885.89404425336,47159.3216055454,47159.3216055454,13578.924912415489
2024-03-10,46854.94535930681,47095.09973245719,46766.61195399949,46936.246796532825,46936.246796532825,26719.363420276542
2024-03-11,47316.77930811528,47485.30920118136,46987.946653593805,47234.45131654751,47234.45131654751,44131.39194268808
2024-03-12,49145.49859568784,49181.63402980999,49012.46245584076,49122.922443376665,49122.922443376665,44246.144879786414
2024-03-13,50880.50149114322,51150.05652687454,50753.61397922066,50878.74016594986,50878.74016594986,13969.50659678724
2024-03-14,52743.36650724258,52934.1891064571,52701.54874628448,52840.9031099704,52840.9031099704,13628.835309913235
2024-03-15,52485.48269311798,52362.260196384,52238.72658650756,52355.131899924505,52355.131899924505,20507.81908007741
2024-03-16,50658.63810261255,50915.19419126034,50540.079375412526,50592.16782807924,50592.16782807924,44990.64250215974
2024-03-17,49013.54685827894,49301.7868129071,48961.07057077712,49068.83894201567,49068.83894201567,15156.103402939958
2024-03-18,48788.520807047986,48835.256637039405,48486.62738486455,48688.338321679796,48688.338321679796,38799.87210509785
2024-03-19,50340.505701076196,50552.313272317595,49997.7376465802,50390.26278491472,50390.26278491472,14046.624784524129
2024-03-20,51534.07970832285,51652.39389702015,51542.35004811402,51612.28005757396,51612.28005757396,34925.51414991301
2024-03-21,51247.90543081997,51553.603212453745,51010.91518829559,51323.875742568,51323.875742568,24242.691964765792
2024-03-22,49777.92377937469,50158.19499847918,49935.961794795236,49955.0306346835,49955.0306346835,41556.55851863468
2024-03-23,47762.40559481325,47727.58732674103,47662.561713554984,47715.251356771434,47715.251356771434,19347.617953014545
2024-03-24,47330.14902071058,47599.026808610535,47377.43495345678,47513.26350854442,47513.26350854442,35568.073175598394
2024-03-25,48253.96154368537,48515.42704826457,48316.39682691397,48376.80592681195,48376.80592681195,19427.301383035396
2024-03-26,49765.45345054714,50008.30056251044,49907.12269418558,49973.012251454995,49973.012251454995,38546.41132448615
2024-03-27,52304.56999692233,52386.58253401808,52166.80282534376,52313.17696620142,52313.17696620142,44947.12138242995
2024-03-28,52759.55161379096,52940.10170394789,52707.57205400133,52774.58365981815,52774.58365981815,15072.071965070401
2024-03-29,51265.71327207206,51315.61166999998,51235.15170195414,51298.3828933907,51298.3828933907,44663.82754382014
2024-03-30,50256.68188645361,50575.367458317785,50267.08613795896,50360.939655920665,50360.939655920665,33743.010176571916
2024-03-31,49467.61263665607,50169.10610869866,49277.72158735832,49584.83601199974,49584.83601199974,15084.419634680959
2024-04-01,49535.37246098404,49576.247435460915,49337.57773863199,49488.93547462938,49488.93547462938,27101.67421438848
2024-04-02,50938.903587718116,51174.7457491062,50871.465022086246,50993.95878088896,50993.95878088896,16434.411739403917
2024-04-03,52187.978131651515,52628.928786606266,51953.005673782594,52156.3422994979,52156.3422994979,38013.91555466278
2024-04-04,51799.140105196224,52089.61111475064,51838.84887907381,51887.66497380865,51887.66497380865,40354.72537671799
2024-04-05,51323.30135608843,51429.02593401236,51297.33362428579,51305.19508181132,51305.19508181132,14231.86081091196
2024-04-06,50691.22592967302,50972.39721988375,50533.998769061065,50560.898125941414,50560.898125941414,30245.594107785775
2024-04-07,48874.67225330784,48820.214414803646,48749.28367995486,48816.055673268565,48816.055673268565,42585.00224103669
2024-04-08,49479.021449585045,49665.863419652516,49233.98947504046,49520.26283140669,49520.26283140669,47446.52166203986
2024-04-09,50820.85408918273,50831.71348036811,50578.78084661257,50795.13419214714,50795.13419214714,30540.7146696708
2024-04-10,52127.6976281131,52426.739429395755,51889.32030687984,52151.76414556612,52151.76414556612,48011.16894445628
2024-04-11,52279.077741709094,52407.48255906453,52153.87572517841,52278.28972323962,52278.28972323962,31427.558818241192
2024-04-12,50768.17456742166,50960.57407396656,50534.949008729425,50800.73567263651,50800.73567263651,25767.61978399632
2024-04-13,49109.55768991541,49222.53991494035,49048.62950636611,49125.99121050395,49125.99121050395,43928.125142115816
2024-04-14,47686.16682184265,47855.623208186975,47446.76140149804,47664.95748653523,47664.95748653523,29719.308418323562
2024-04-15,48123.57256925982,48247.442502416976,47820.45435007786,48222.908439218016,48222.908439218016,28876.100422580923
2024-04-16,49696.39414709573,50122.917721488644,49593.24012057333,49797.98202979473,49797.98202979473,29612.499576393133
2024-04-17,51139.84639627981,51343.31650628614,51228.838932534585,51278.70065166293,51278.70065166293,43871.40007478982
2024-04-18,51087.614249984676,51298.1120608603,51038.62366561809,51247.641360435045,51247.641360435045,43277.66166752209
2024-04-19,49791.968760165655,49972.05928317081,49884.71946276832,49913.6970293877,49913.6970293877,26140.799697608447
2024-04-20,48608.33361687602,48905.025527934944,48587.60675753862,48592.38736619561,48592.38736619561,23331.994394821
2024-04-21,47708.00854269537,47973.90924967398,47727.004447101805,47797.287294244554,47797.287294244554,29677.12096156517
2024-04-22,47782.59365806123,47746.79965104069,47418.5495398717,47731.232211638126,47731.232211638126,32910.90038948436
2024-04-23,49384.56238452925,49417.186992372124,49217.40527646559,49381.091009653996,49381.091009653996,19533.48842511988
2024-04-24,51160.12679529759,51995.59873021037,51050.503671705774,51356.9772166414,51356.9772166414,41758.203388623624
2024-04-25,51010.49467429575,51004.747697546714,50845.024291125505,50944.99711587358,50944.99711587358,29459.310629296917
2024-04-26,50252.19841085947,50321.47675631934,49891.25731133991,50171.1185463003,50171.1185463003,23361.821936798384
2024-04-27,48041.41512323902,48226.07290996361,48067.27153212422,48140.8013907225,48140.8013907225,14272.839718559624
2024-04-28,47422.56121354529,47610.23120109514,46960.536757725466,47380.54205925579,47380.54205925579,19553.806416144274
2024-04-29,47335.98519703651,47444.289102884984,47296.53341741122,47421.63502077743,47421.63502077743,47971.246870239345
2024-04-30,48129.153653421294,48407.042211409935,47942.34031914866,48119.38661574646,48119.38661574646,22203.987472781064
2024-05-01,48779.358201410796,49089.653829021336,48787.33685097588,48905.80804210629,48905.80804210629,16754.371574681412
2024-05-02,49173.26240997642,49486.201872337675,49327.863516038764,49352.57305522988,49352.57305522988,28426.91166619973
2024-05-03,48398.593921366104,48811.53519557091,48046.04415357734,48436.8756403274,48436.8756403274,22283.50973440995
2024-05-04,46273.339157042836,46501.72166481325,46184.56271081793,46285.71205167032,46285.71205167032,11406.370010847766
2024-05-05,45519.68164593424,45648.91399442745,45347.66809788438,45559.4496152957,45559.4496152957,22925.808691176688
2024-05-06,45033.009068131745,45407.61539630103,44855.07944346149,45151.412123954,45151.412123954,31764.34495757874
2024-05-07,46678.5749637187,46732.13597203729,46326.04743182565,46718.56486993181,46718.56486993181,32068.494880798677
2024-05-08,47740.17889060996,47883.80415037633,47712.510280982315,47713.249415351886,47713.249415351886,24262.35684707555
2024-05-09,47805.56459823147,47907.000464702614,47607.761294162054,47810.05390124372,47810.05390124372,27892.110250104026
2024-05-10,46806.44467419859,46957.46590213684,46519.89938803249,46788.194571138665,46788.194571138665,48620.71672939065
2024-05-11,44591.97109234639,44787.69257885531,44510.48576588414,44658.98261239182,44658.98261239182,25093.939089212465
2024-05-12,43538.31796598525,43627.138338029865,43324.08500744006,43421.14617451363,43421.14617451363,20329.072530399317
2024-05-13,44229.397785258225,44413.97018533501,44100.840216282755,44347.0151189137,44347.0151189137,19738.681762670407
2024-05-14,45707.51785916217,45739.4915221019,45321.758973711796,45658.7618294535,45658.7618294535,28310.584508165368
2024-05-15,47794.98964008339,47867.82504665726,47564.22435875252,47676.80053078739,47676.80053078739,40380.805948677764
2024-05-16,47582.76045252642,47619.38945637022,47358.70677255112,47534.66964325153,47534.66964325153,18239.527367538925
2024-05-17,46733.76064373955,47166.51805029467,46356.60084410615,46754.01306644604,46754.01306644604,38371.84508563072
2024-05-18,45722.96239600372,45989.29868352087,45669.59792110763,45775.79210067002,45775.79210067002,10845.992933976651
2024-05-19,43598.01994994767,43499.2550761776,43427.38362860876,43494.41118484305,43494.41118484305,26757.319119357842
2024-05-20,43376.38860437456,43801.13020798381,43450.2185300028,43518.686096900725,43518.686096900725,41034.602608111476
2024-05-21,45310.402379754414,45423.343084041524,45096.58272164943,45407.41480579238,45407.41480579238,23549.318230977256
2024-05-22,46866.32898152302,46996.55911732213,46735.28956276175,46906.08475807219,46906.08475807219,32549.48405781598
2024-05-23,47638.14561030193,47726.85894018011,47431.407134478344,47514.38023455073,47514.38023455073,18199.16931303643
2024-05-24,46204.805739033734,46252.49039487117,46074.17126940602,46166.82897542964,46166.82897542964,39679.815645046896
2024-05-25,44414.31401721009,44548.547446062024,44502.41565933242,44511.11859306112,44511.11859306112,12091.164130750385
2024-05-26,43356.69053906336,43584.86730873783,43276.09340669815,43387.72130960185,43387.72130960185,44101.70579502002
2024-05-27,44332.90256581497,44631.81209053755,43888.42286468574,44394.3348802246,44394.3348802246,17927.855456866724
2024-05-28,46050.75904795312,46639.6506755802,46062.416455362516,46121.73794717647,46121.73794717647,44975.92126833323
2024-05-29,47988.62087937118,48006.65855815822,47842.467536532145,47890.7319235155,47890.7319235155,24101.169652020693
2024-05-30,47970.34166732085,48172.67524356363,47877.31316352329,48107.5159802472,48107.5159802472,38907.34297897946
2024-05-31,46979.03228802123,46857.031062763264,46740.88953888549,46818.1542024478,46818.1542024478,22769.01191144754
2024-06-01,44985.692801451376,44973.50309099505,44861.97558823569,44902.869832432916,44902.869832432916,46236.4668493859
2024-06-02,44163.62340491925,44122.23400655122,43703.44209819578,44054.53723785888,44054.53723785888,15065.485020734974
2024-06-03,44220.47358603912,44325.84781926945,43952.163592198674,44266.76753724165,44266.76753724165,17140.791570903948
2024-06-04,45996.853539083255,46045.539806245084,45918.68649716753,46011.847610991164,46011.847610991164,29721.20500635209
2024-06-05,48506.4254741628,48913.260162736864,48619.57311330193,48649.74065561527,48649.74065561527,13277.537561525845
2024-06-06,49455.559306417344,49709.33406017995,49493.236034002344,49508.02554712402,49508.02554712402,17839.207388070477
2024-06-07,48348.82060004118,48527.43082750268,48209.123220044945,48299.45511527687,48299.45511527687,47750.65528848057
2024-06-08,47330.66310643211,47464.47981372195,47162.05180344835,47201.05680025397,47201.05680025397,49059.58644591548
2024-06-09,45840.744766299635,45975.0741533781,45799.80403420236,45951.46044797988,45951.46044797988,25050.373173216878
2024-06-10,45318.5701264853,45779.49169998555,45128.99765319632,45355.120720183826,45355.120720183826,46931.44084055743
2024-06-11,46436.14028800315,46572.83460744529,46326.727965246355,46451.27021002641,46451.27021002641,31792.98702693727
2024-06-12,46976.48797459564,47375.46580412711,46990.160977970525,47116.06689481489,47116.06689481489,20789.698634950684
2024-06-13,47422.167616763014,47367.606305046946,47202.16954065517,47363.03269258717,47363.03269258717,38095.948843223945
2024-06-14,46254.28418324438,46526.54366287762,46147.61213026612,46326.68321641864,46326.68321641864,36356.07226299429
2024-06-15,45446.35756133381,45566.851580697155,45339.58105061845,45465.896596451516,45465.896596451516,49565.01276434933
2024-06-16,44538.606680379045,44751.925622871146,44533.16856996264,44583.801617570236,44583.801617570236,20601.891496371332
2024-06-17,44818.040042386696,45006.320606598936,44732.90509043617,44896.97389295866,44896.97389295866,36882.38010646941
2024-06-18,46911.16483030361,46959.6557486856,46905.14681591092,46911.869328851666,46911.869328851666,12080.950201177875
2024-06-19,47384.93336179229,47479.859202012034,47315.54613722087,47406.49431964909,47406.49431964909,14545.841547868777
2024-06-20,47909.83835026852,48025.375768305144,47843.73820971887,47947.02413849638,47947.02413849638,10156.73499804373
2024-06-21,47214.051907508496,47471.38010657623,47247.60475299091,47286.89806967653,47286.89806967653,49978.427242386926
2024-06-22,44880.552137760016,45171.67480857561,44807.42778450566,44848.599670681724,44848.599670681724,42090.947885899106
2024-06-23,44540.27975337124,44439.38212036427,44225.60235721396,44374.918026522006,44374.918026522006,41468.92058934164
2024-06-24,44980.877493345935,45210.32047422713,44931.53393743887,44966.888770062025,44966.888770062025,30389.04301152719
2024-06-25,46459.04927990422,46663.700668797595,46049.71379864036,46359.43745841311,46359.43745841311,22002.683316217597
2024-06-26,48136.998844252186,48475.68321639713,48177.790287339114,48276.02103676753,48276.02103676753,16050.571378507037
2024-06-27,49849.86614939202,49920.414068006256,49777.114906788716,49834.09000546265,49834.09000546265,21386.989553858548
2024-06-28,48769.72763533167,48960.2104852961,48828.2285167297,48879.464467228776,48879.464467228776,25038.848877165565
2024-06-29,47156.87699152069,47309.40860555206,47256.26999509972,47304.569484273874,47304.569484273874,40252.403879211764
2024-06-30,45955.39322799463,46210.070740886564,46016.97752876851,46029.330368740535,46029.330368740535,31586.471556126096
2024-07-01,46146.32065724227,46092.002580145236,45931.242420183706,46027.13072380092,46027.13072380092,13099.345062219309
2024-07-02,48137.49286024146,48278.29923560646,47867.58786254799,48042.491277374495,48042.491277374495,10721.16035835649
2024-07-03,49238.94248192681,49452.17788741368,49084.68896435172,49214.64200972137,49214.64200972137,14093.287181362526
2024-07-04,49519.877612134966,49766.07112758364,49432.50749704613,49673.14766812396,49673.14766812396,26419.948547895172
2024-07-05,48369.13221383937,48428.99221015273,48180.35139652955,48388.76027897817,48388.76027897817,47327.71668196073
2024-07-06,46959.41491663667,46985.90249005572,46831.80433150751,46929.244915746494,46929.244915746494,35496.09924836886
2024-07-07,46068.07092558457,46102.29829736753,45980.13303906341,46050.517302626715,46050.517302626715,42073.035995020604
2024-07-08,46807.63045620049,47109.348574843614,46838.01060130907,46992.00981454856,46992.00981454856,28654.98378018194
2024-07-09,48248.16247562049,48432.17499174698,48077.970927572496,48337.194260422475,48337.194260422475,24466.643327801714
2024-07-10,49796.041661662246,49976.70889756857,49711.225272582284,49802.44943807712,49802.44943807712,14336.014908664909
2024-07-11,49789.41921093067,50004.9860560283,49699.504795956156,49735.79011997895,49735.79011997895,45037.3208874482
2024-07-12,48248.472042067646,48493.36074008692,48349.078931010525,48468.08482417764,48468.08482417764,41326.40116111611
2024-07-13,46941.5173970472,47345.51559440685,46846.24518397352,46957.72979459519,46957.72979459519,16724.723903909005
2024-07-14,46304.97031414248,46490.731702075704,46208.0658727259,46290.66543715459,46290.66543715459,30490.42255505042
2024-07-15,46337.266513710245,46387.85430896359,46066.965653089166,46252.305314858626,46252.305314858626,29494.992316849795
2024-07-16,48356.586678636486,48390.08249014452,48281.01308613779,48287.30092021274,48287.30092021274,35003.66210746115
2024-07-17,50623.56962679758,50601.228851304615,50395.62676807853,50565.312494916696,50565.312494916696,47847.47575965045
2024-07-18,51114.75843565118,51264.87850617609,51080.12692367314,51194.75248632138,51194.75248632138,33190.85767049919
2024-07-19,50896.791513124896,51185.42915286676,50730.41842845041,51087.59172683723,51087.59172683723,31608.690671144745
2024-07-20,48962.38657547443,49128.636144892924,48929.76591669008,49001.69185118057,49001.69185118057,12012.917317386558
2024-07-21,47433.96901628236,47555.74580215275,47273.58436592316,47333.80583376151,47333.80583376151,12516.299040720958
2024-07-22,47006.513701854674,46949.13198048793,46830.40134583773,46867.16824910223,46867.16824910223,17493.871653071554
2024-07-23,49286.43796037788,49263.634581071805,48676.776317352,49215.3830501481,49215.3830501481,11298.83086766993
2024-07-24,51185.69260590679,51277.273263867166,51072.79851871303,51142.75852362662,51142.75852362662,39734.11582280049
2024-07-25,51575.652692802854,51917.665114943295,51336.877808595855,51537.688727964254,51537.688727964254,38933.21215975852
2024-07-26,50576.50250068493,50658.64112463752,50613.02152594319,50632.11437536101,50632.11437536101,15442.249377265718
2024-07-27,48357.3585462516,48565.27043654109,48015.11530891367,48370.36457560696,48370.36457560696,43443.15603181124
2024-07-28,48714.588852234614,48769.09803350938,48531.56194979263,48547.68189965198,48547.68189965198,16191.441393844478
2024-07-29,48940.75922985324,49059.09126322315,48868.403819032275,49035.01503043243,49035.01503043243,22047.023479894353
2024-07-30,50851.38295210733,51124.43898223915,50506.82701792431,50689.905073036345,50689.905073036345,19959.0759664546
2024-07-31,52620.77821483778,52822.46536571707,52543.07297536788,52652.98103028699,52652.98103028699,24892.28394292191
2024-08-01,53448.75139685775,53423.273823139025,53292.85500278919,53316.20818594824,53316.20818594824,20186.550635598476
2024-08-02,52241.910031374726,52400.69818878531,52255.479964043596,52382.59153232448,52382.59153232448,29558.037057538084
2024-08-03,50346.93944861342,50354.74509461076,49940.578758126285,50288.34902849695,50288.34902849695,26296.315254187415
2024-08-04,49404.84752770698,49516.62447725755,49414.27598807816,49478.52454130174,49478.52454130174,49462.77963117306
2024-08-05,50700.732610139625,50984.14969275986,50475.747920636204,50842.259329332046,50842.259329332046,12237.054005129026
2024-08-06,53137.0154019521,53202.25927182497,52952.33164528735,53115.161997711,53115.161997711,15687.255055494064
2024-08-07,55612.8951351916,55614.56911596721,55415.534610864925,55511.947956332,55511.947956332,12113.0357563441
2024-08-08,55594.56851404999,55730.97199342613,55605.31602844584,55679.062657909344,55679.062657909344,35033.64779929503
2024-08-09,53988.79998597113,54286.46367819447,54059.942122373715,54138.70158201697,54138.70158201697,12180.371096548783
2024-08-10,52367.618369428565,52499.87634266467,51991.26832999294,52376.80284586206,52376.80284586206,43457.58949504493
2024-08-11,51350.36310336546,51546.1943766521,51303.32995741303,51359.10663624318,51359.10663624318,30477.54522727711
2024-08-12,52383.75689802699,52546.12135850655,52159.89334103468,52328.92493527154,52328.92493527154,31080.304983261347
2024-08-13,53177.84472285189,53190.07795473825,53073.10582902062,53082.88526571544,53082.88526571544,32463.780308487767
2024-08-14,55441.91155261981,55609.46463040329,55166.81510138634,55447.853070747056,55447.853070747056,16832.54825224843
2024-08-15,55977.12199272992,55865.02912393076,55781.090771134994,55791.57166125049,55791.57166125049,17907.6121245795
2024-08-16,54554.99593496709,54900.20919587259,54191.75135726247,54532.57246051356,54532.57246051356,22752.69291492019
2024-08-17,52292.87234617792,52372.20819325298,52078.13665367167,52327.51499677861,52327.51499677861,33739.856632874056
2024-08-18,50293.37125917218,50524.3913543061,50442.12719320926,50454.52799508246,50454.52799508246,18404.71103760858
2024-08-19,51262.56987482466,51292.71974803382,51098.545971444655,51288.83582685627,51288.83582685627,14653.269085330448
2024-08-20,52892.04876121065,52986.32341231862,52852.38605167816,52925.687455751766,52925.687455751766,48804.675456737285
2024-08-21,53976.930130810724,54040.88803157098,53540.12533381723,53880.899651182575,53880.899651182575,10879.272592384916
2024-08-22,53702.331167350465,53979.34492663109,53471.189607317865,53656.08280494378,53656.08280494378,42107.896213440865
2024-08-23,52324.6948773722,52653.36827336474,52130.054035833826,52442.631789535466,52442.631789535466,41521.405983000885
2024-08-24,51595.36271471619,51791.69786039093,51523.338659709225,51578.13727607509,51578.13727607509,21888.56455380384
2024-08-25,50469.93605180305,50592.84445302486,50354.10613875514,50402.782934630144,50402.782934630144,15425.064640292536
2024-08-26,50226.73713380276,50416.056672380364,50013.966358609,50073.93399786398,50073.93399786398,15825.145868216936
2024-08-27,51640.00550786368,51572.14495482977,51170.42779320767,51551.25511112227,51551.25511112227,37897.264689487696
2024-08-28,53091.17063698108,53048.850316187934,52689.89418847752,53015.08597154993,53015.08597154993,35712.263643446946
2024-08-29,52095.373789333506,52103.37562249463,51645.609143182366,52089.36518987199,52089.36518987199,41309.82697005547
2024-08-30,51055.49029139228,51249.034751371575,50984.85004876993,51016.659090849935,51016.659090849935,47499.246895964185
2024-08-31,49327.137039711335,49387.65717647883,49143.0616518913,49202.18654964072,49202.18654964072,37677.09453066368
2024-09-01,48371.453326536095,48552.40486283102,48201.4025563999,48504.73106628406,48504.73106628406,16234.061462057738
2024-09-02,49816.98772082786,50046.97117950604,49556.544768325904,49851.93165354956,49851.93165354956,19737.704670616426
2024-09-03,51938.14993874908,52115.62564761267,51781.850903371116,52015.4068136247,52015.4068136247,43687.74923492458
2024-09-04,53519.07042552126,53519.0714369684,53437.800000896124,53481.15511364865,53481.15511364865,18372.243033368344
2024-09-05,53473.63691663587,53550.823917584225,53131.15419354422,53350.61469907079,53350.61469907079,12900.892678179256
2024-09-06,53532.03850626034,54132.382393532294,53473.962569584706,53591.73593493245,53591.73593493245,38131.20216169002
2024-09-07,51683.309439087876,52057.914939741,51754.88738962488,51922.33987583482,51922.33987583482,26101.05421960568
2024-09-08,50842.52378152564,51014.56099265357,50762.17080389292,50883.74585602809,50883.74585602809,46801.60210183614
2024-09-09,51385.753225467764,51660.532431637315,51186.58131163623,51294.40585226603,51294.40585226603,36010.20284374646
2024-09-10,53047.40386824626,53095.881397856276,52883.987118966266,52993.64087795128,52993.64087795128,13616.75911166643
2024-09-11,54564.471942071665,54796.385026323194,54354.98653493454,54521.653317290606,54521.653317290606,47914.26269014643
2024-09-12,54629.54552345598,54685.034556568964,54436.57229503092,54657.54485364343,54657.54485364343,20342.290545609838
2024-09-13,53210.65364363793,53529.1316267005,53294.44843185714,53338.55671725991,53338.55671725991,23488.49961625143
2024-09-14,51674.704238209495,51945.63045764478,51379.58297558594,51623.17480604705,51623.17480604705,26090.41654734168
2024-09-15,50222.47557371347,50568.88664543374,50203.26448181425,50305.90375471693,50305.90375471693,12048.97185617253
2024-09-16,50590.613076509304,50700.19630904554,50228.61962502174,50372.20340317126,50372.20340317126,29860.616889224195
2024-09-17,52082.66188315397,52174.03666053289,51979.50623728246,52025.61116231851,52025.61116231851,14932.73964301169
2024-09-18,53440.25036865401,53513.40192668972,53262.37015723726,53498.315198909404,53498.315198909404,26038.813067534073
2024-09-19,54611.895708254844,54993.42739537314,54634.21270680303,54673.034232993705,54673.034232993705,24028.39151968337
2024-09-20,52292.69624237257,52351.20316065992,52195.74780411241,52301.99066303393,52301.99066303393,40913.603337060136
2024-09-21,51124.788620688116,51317.38813195353,51051.96348265268,51148.73881289029,51148.73881289029,42126.82046530924
2024-09-22,50837.90612092884,51160.41128687541,50505.76431340856,50726.222743375845,50726.222743375845,16136.51529556352
2024-09-23,50130.8917839389,50147.42732945097,49975.97826487591,50112.2501669645,50112.2501669645,24662.04749516905
2024-09-24,51467.93584133491,51565.73997658266,51459.377553685415,51541.099015225765,51541.099015225765,24934.126441273267
2024-09-25,53144.61529604477,53065.86830273729,52894.00953330142,52955.571227529195,52955.571227529195,16056.417757443402
2024-09-26,52679.4687531153,52683.25840923777,52506.82076027383,52674.53791996328,52674.53791996328,41938.14020204762
2024-09-27,51316.95487800149,51579.08111849074,51062.73472594791,51240.070910404596,51240.070910404596,38289.13313341693
2024-09-28,48924.955060822336,49110.3075839137,48878.81424429763,48985.777711566814,48985.777711566814,17615.27145188139
2024-09-29,48852.6658302898,48855.27575856279,48570.55816701753,48816.354267515344,48816.354267515344,24668.876343751963
2024-09-30,49738.02700299607,49855.41012102136,49579.45445447599,49706.91600388175,49706.91600388175,14232.20099426057
2024-10-01,51753.921267470876,52206.89069892463,51851.208855970195,51942.88619668049,51942.88619668049,35128.26388372175
2024-10-02,54105.44238504942,54026.268692184414,53486.509470282945,53903.914874003356,53903.914874003356,14854.876981944788
2024-10-03,53891.17597427985,53769.51888759728,53645.18798205616,53762.1115281876,53762.1115281876,49437.36674499671
2024-10-04,52414.57319766994,52540.15317418799,52448.08094271035,52454.292729284534,52454.292729284534,41227.282987514496
2024-10-05,50889.747759747836,51138.458929768196,50818.03805039706,50999.974733793424,50999.974733793424,25609.541983359803
2024-10-06,49378.10832496463,49624.615656318645,49156.050888626356,49343.35216358428,49343.35216358428,33142.55729117418
2024-10-07,50131.243688404764,50139.19503298907,49989.01800716955,50122.57391846333,50122.57391846333,46453.67264865635
2024-10-08,51638.170759542074,51903.547939491946,51544.165319020474,51602.60386468575,51602.60386468575,32163.971215833044
2024-10-09,53034.54384583164,53167.39729895015,52977.920302530954,53015.38610621223,53015.38610621223,16979.939455918207
2024-10-10,53844.21272903745,53810.076580693756,53345.942383441856,53793.58863010685,53793.58863010685,25148.134223246372
2024-10-11,53114.892190025916,53261.67191997972,52546.02158955972,52970.161620086736,52970.161620086736,43725.79460118982
2024-10-12,51147.48358158499,51152.515076482094,50969.30022550069,51090.67326107212,51090.67326107212,35768.52063958472
2024-10-13,50519.81394710006,50775.21077810917,50533.24217978034,50624.779496991054,50624.779496991054,36028.97537335201
2024-10-14,50643.22665825515,50570.805275067745,49957.46940443886,50506.97037298391,50506.97037298391,44672.859427539566
2024-10-15,52579.192278106115,52683.220910961914,52315.18478652696,52415.13082175729,52415.13082175729,45758.92229850018
2024-10-16,54627.079769494216,54686.908589972154,54206.62452473952,54311.87409604301,54311.87409604301,46791.702871177455
2024-10-17,54467.47401285496,54602.82863200841,54302.155860537234,54579.82341617892,54579.82341617892,13793.967730126244
2024-10-18,53721.61946285191,53729.357820650206,53620.326899194304,53697.33126153688,53697.33126153688,31765.040078524034
2024-10-19,51164.55932692025,51507.03721252924,51296.171400290965,51372.76919723915,51372.76919723915,39620.38084873275
2024-10-20,50844.538956717304,50831.86336672692,50760.97261306189,50789.22404107938,50789.22404107938,40277.07380508055
2024-10-21,51064.675482833976,51269.889378998414,50693.38221668921,51119.495512650654,51119.495512650654,34268.64807880015
2024-10-22,52650.67122717486,52522.137434825694,52304.68520436602,52458.32664769237,52458.32664769237,16671.493407346967
2024-10-23,54505.56240891049,54742.22907727305,54539.94460482109,54583.02390591235,54583.02390591235,41896.822157666575
2024-10-24,54484.6562966372,54868.77602815365,54551.920872499,54653.57460043392,54653.57460043392,38804.45334059783
2024-10-25,52856.65891241881,52908.04761622345,52118.53774520179,52903.78528648906,52903.78528648906,13445.430861961451
2024-10-26,50228.91664650052,50806.70356077283,50009.642835722516,50426.465423622234,50426.465423622234,28552.39298697505
2024-10-27,49759.02167898227,49696.04389629447,49338.972403579326,49683.911733531546,49683.911733531546,16959.09598087214
2024-10-28,49259.911292450706,49608.10095045843,49408.93009319627,49466.41959707634,49466.41959707634,23499.081828518872
2024-10-29,51946.855091488134,52246.75221189238,51886.54355248922,51944.00933336982,51944.00933336982,10723.243688227418
2024-10-30,52295.45609274381,52863.86520998062,52494.13482566918,52503.23727472943,52503.23727472943,26013.194736430327
2024-10-31,53742.158218213575,54091.01518726834,53689.340731987635,53774.18799866724,53774.18799866724,31995.07684624842
2024-11-01,52998.475882085804,52887.56339670765,52720.1714808576,52834.13806650535,52834.13806650535,34783.30371308347
2024-11-02,51122.84102360887,51188.52123911127,51020.87448735069,51086.77623446529,51086.77623446529,36539.6138051484
2024-11-03,49682.408664800976,50084.9961657039,49465.32328596314,49768.75802529747,49768.75802529747,43451.6525240984
2024-11-04,50387.928273372505,50570.056285081635,50240.93278876206,50391.04862226641,50391.04862226641,18618.516291029202
2024-11-05,51974.2256035597,52069.03612669194,51889.18503537821,51972.423916355256,51972.423916355256,14819.272897538718
2024-11-06,54171.53053724935,54153.62610506212,53898.25363485694,54124.26750266501,54124.26750266501,44061.48687591703
2024-11-07,54467.418030460765,54926.54799243993,54514.101295189685,54604.10386678885,54604.10386678885,16264.512595705995
2024-11-08,53692.95280914136,53813.06394492974,53382.266238384116,53633.69608175663,53633.69608175663,48990.40325344781
2024-11-09,51482.44553638455,51806.59082912599,51645.817682141584,51752.884699544826,51752.884699544826,43701.52917594548
2024-11-10,50615.86476668455,50857.09166700399,50607.16249827901,50678.85322192093,50678.85322192093,30035.064235583966
2024-11-11,51206.64926191467,51685.83972642568,51109.285391016725,51255.47664615982,51255.47664615982,49256.85699688101
2024-11-12,52063.91777773989,52144.41575898125,51849.00072514804,52000.58509513277,52000.58509513277,13895.069164320168
2024-11-13,52928.94811464896,52968.91107714681,52789.58348162323,52926.685029381275,52926.685029381275,22122.630447004063
2024-11-14,53580.48331080002,53918.47552161589,53351.317849526364,53721.03961618565,53721.03961618565,35528.976601624454
2024-11-15,52662.41435690477,52787.165062904925,52725.800880386625,52760.913669486465,52760.913669486465,24000.27473892715
2024-11-16,50989.784726159996,50985.28710179701,50836.18576425368,50969.91672520526,50969.91672520526,47134.90207923167
2024-11-17,49925.668291788104,49978.546222336176,49913.961518066775,49933.57502597456,49933.57502597456,12625.043527112703
2024-11-18,50472.17600748464,50660.088934612904,50270.91406207561,50530.08841844821,50530.08841844821,31976.473282438583
2024-11-19,51812.31784464359,51894.13215798813,51716.63474607304,51860.40122359479,51860.40122359479,33634.65069580458
2024-11-20,53141.05830591093,53159.82963610888,52922.44044361954,53071.441506195,53071.441506195,36109.12495108896
2024-11-21,53540.31741624993,53810.16648902542,53553.14721431351,53592.08667353685,53592.08667353685,20226.648933272576
2024-11-22,52048.532494563144,52339.5280949153,52044.50398354435,52057.34161896605,52057.34161896605,24582.65710079458
2024-11-23,50779.45637952648,50582.18034717528,50544.11222382875,50562.462720718424,50562.462720718424,43747.221186599105
2024-11-24,48523.24398914789,48669.38217742525,48615.16417355095,48665.61225283628,48665.61225283628,17797.710758806395
2024-11-25,49417.72833813457,49744.55549594334,49579.66680266764,49602.912611292035,49602.912611292035,43074.71388693448
2024-11-26,51517.76296427975,51486.047224052585,51396.46136116578,51439.403997799884,51439.403997799884,32506.216916109697
2024-11-27,53099.747204128704,53358.238837040764,52851.98789874568,53167.61151025812,53167.61151025812,40487.50044776329
2024-11-28,54049.85578924951,54139.10437506413,53884.58960490073,54081.67954202377,54081.67954202377,38544.29465053886
2024-11-29,53790.74246067871,53991.34557341991,53695.027179992445,53868.85809849182,53868.85809849182,18300.45981539516
2024-11-30,52651.05784081926,52749.338559937234,52585.92994969124,52677.037854896014,52677.037854896014,32752.509457354914
2024-12-01,50870.89588467658,50939.787314931076,50533.19390782128,50711.042073466946,50711.042073466946,44708.9261122037
2024-12-02,50574.18897575379,50515.68807104728,50302.916018244425,50493.97612989198,50493.97612989198,27284.649472077173
2024-12-03,51867.98183753415,51788.405484474344,51606.550127839495,51781.75948634545,51781.75948634545,48663.63080893267
2024-12-04,53253.37495117293,53436.621028206704,53100.463521601996,53394.997656752195,53394.997656752195,28088.604004068722
2024-12-05,53961.43433312444,54102.25720906751,53955.75358158588,54076.549706779726,54076.549706779726,15711.425466715387
2024-12-06,52384.21126849119,53044.48894353927,52622.20940336767,52668.11913443974,52668.11913443974,25577.38720310693
2024-12-07,50981.55915846513,51172.2422221216,50734.60040806831,51062.4972405734,51062.4972405734,48068.09625562149
2024-12-08,49734.917427272034,49657.81608886169,49560.752887421295,49639.24710863347,49639.24710863347,22788.83397359417
2024-12-09,49807.90539850518,49788.18202532983,49556.89664481446,49756.210746930345,49756.210746930345,44723.926394682516
2024-12-10,50630.92151751231,50858.60787199272,50559.77376796189,50653.072843807524,50653.072843807524,45250.02726727559
2024-12-11,51789.418837681595,52044.79043422634,51663.55290701324,51791.6488660534,51791.6488660534,24007.460973278445
2024-12-12,51469.64054878072,51711.76407268116,51500.428481838695,51538.52910303826,51538.52910303826,13330.306322025284
2024-12-13,50025.50969902654,50198.925250891705,49940.22240514204,50005.03381078636,50005.03381078636,38982.31636635273
2024-12-14,48909.43726093347,48918.28830535975,48603.311155022275,48832.84943298541,48832.84943298541,22460.49196055944
2024-12-15,47151.00264406508,47441.836784774896,47295.54943287935,47312.59132280613,47312.59132280613,41316.94457030289
2024-12-16,49081.46966380125,49406.567073539416,48453.27770083737,49051.50489501751,49051.50489501751,27706.193930417325
2024-12-17,50991.599977855054,51137.08385711088,50860.97725912719,50898.35649075959,50898.35649075959,29410.669693704862
2024-12-18,52549.457169011956,52774.79803263029,52264.872549165266,52590.96719790829,52590.96719790829,41116.37626994147
2024-12-19,52654.5809088226,52784.62731121914,52343.31194430118,52584.510847610545,52584.510847610545,25294.533242465113
2024-12-20,52170.57256599894,52023.23116336702,51733.62565099879,51889.107121551686,51889.107121551686,27725.09381291658
2024-12-21,49891.84865302925,50180.7759923408,49808.94873593472,49902.28293232794,49902.28293232794,25047.618750784888
2024-12-22,48957.05987888796,48967.738476807215,48613.52792845555,48917.72917388743,48917.72917388743,24693.6206110912
2024-12-23,50546.68827444852,50678.23270867063,50430.710678649695,50620.49398281466,50620.49398281466,31037.863076058376
2024-12-24,52190.78179451402,52224.72104600806,51823.184038670704,52172.656678253814,52172.656678253814,42351.97778004603
2024-12-25,54393.513149196166,54374.34773499205,54161.04767384586,54347.48598669794,54347.48598669794,24470.732476902635
2024-12-26,54438.1045479549,54580.781968559844,54371.3092564841,54418.62031392789,54418.62031392789,30970.18882150947
2024-12-27,53253.59787094541,53514.26514702673,53128.443373479706,53355.56740291629,53355.56740291629,36829.09301770403
2024-12-28,52562.59862176151,52891.668839276594,52320.70374214663,52541.96244462896,52541.96244462896,20777.577852146198
2024-12-29,51329.13984384364,51443.78829854751,51018.01741766634,51182.920249971874,51182.920249971874,21100.9121960957
2024-12-30,52556.73064521459,52844.36546637028,52390.149124115196,52511.86706876314,52511.86706876314,47336.52508093819
2024-12-31,54562.13440069951,54672.44492266067,54360.14014017953,54465.93568179233,54465.93568179233,38941.38293324354
2025-01-01,55761.19374214524,56010.23596651202,55573.58341059445,55784.8949391465,55784.8949391465,33087.467048932354
2025-01-02,56598.811372409575,56742.01463451024,56279.20473504814,56523.8213484672,56523.8213484672,35908.80217682448
2025-01-03,55992.46669133912,56046.702765108384,55912.7690274435,55964.539907517465,55964.539907517465,11171.977724136734
2025-01-04,54481.348539552266,54797.580546218174,54505.938618849614,54576.43961252099,54576.43961252099,34724.118622467875
2025-01-05,52777.62068729241,52788.75279287027,52631.698313529785,52745.76858681252,52745.76858681252,30380.354928968078
2025-01-06,52705.752872348814,52866.52939552999,52440.801878583145,52804.922538692845,52804.922538692845,31829.987191177428
2025-01-07,54218.06783872984,54437.28797267219,54227.344394540036,54281.35586621832,54281.35586621832,24376.953073232682
2025-01-08,55863.26462769908,56106.393546193765,55461.88080188588,55844.33179696984,55844.33179696984,13258.955908517675
2025-01-09,56607.11481287616,56856.52714769614,56563.66357632106,56577.39038553815,56577.39038553815,17733.569344482086
2025-01-10,55501.758973733995,55733.11582555737,55347.01921247515,55620.68222024171,55620.68222024171,48029.78852850687
2025-01-11,53359.40334189966,53295.849139530284,52856.549564935216,53254.00476478138,53254.00476478138,26347.982490837356
2025-01-12,52455.745652351296,52735.23266296544,52216.27248008631,52398.54502452125,52398.54502452125,28667.326233234566
2025-01-13,53056.08759339499,53287.73445025531,53105.40967870178,53126.560436956075,53126.560436956075,12108.39159413756
2025-01-14,54852.889826577964,55199.61863284237,54753.90697069195,55006.64830622288,55006.64830622288,11502.649181759223
2025-01-15,57132.74085639353,57470.34787901132,56977.96811880852,57147.23131430167,57147.23131430167,38687.257881870304
2025-01-16,57942.32055998283,58233.784705744925,57878.21905563492,57986.91493136894,57986.91493136894,31523.786564844453
2025-01-17,57182.260350925266,57289.43915705055,57130.984218476224,57170.946305219964,57170.946305219964,30348.239368650666
2025-01-18,55400.54650727021,55442.139324777556,55384.05415711904,55436.85817338577,55436.85817338577,19724.981216906748
2025-01-19,53360.07335478993,53616.85127262835,53306.34834084308,53560.81904086443,53560.81904086443,39790.02926519689
2025-01-20,54159.51599639348,54360.27139420793,54051.85226966764,54198.3506902236,54198.3506902236,16729.463164339675
2025-01-21,55871.8252679996,55987.19938799925,55844.642446541424,55902.38717910643,55902.38717910643,17597.3897464408
2025-01-22,57701.735345483015,57733.13711241979,57307.39175575995,57638.36924300561,57638.36924300561,28428.48685393102
2025-01-23,57352.8975274272,57425.60794906396,57230.70823583241,57422.717494888304,57422.717494888304,21451.194484477637
2025-01-24,56004.498026258276,55945.887408521754,55812.088772201874,55836.63055892102,55836.63055892102,19898.519249325855
2025-01-25,54473.03765441741,54665.48616344477,54645.527234627254,54664.201709482586,54664.201709482586,35809.50578213327
2025-01-26,53729.98221657115,53686.14264489621,53372.82472185611,53598.86546679089,53598.86546679089,36038.86980874178
2025-01-27,54339.90645818223,54384.2603160552,53880.003020154356,54362.33835527004,54362.33835527004,42980.68279199717
2025-01-28,56062.64867587089,55994.362780477604,55673.41137758582,55976.69018863654,55976.69018863654,26708.342678919034
2025-01-29,57599.74105209163,57665.763109662184,57471.33723960727,57591.76090368576,57591.76090368576,12923.40364104601
2025-01-30,58597.58090006934,58535.38455900022,58469.21797421005,58483.6253464668,58483.6253464668,20946.655396858307
2025-01-31,57141.30812013969,57499.77375069592,57137.60252261475,57180.04431659498,57180.04431659498,49200.218527872676
2025-02-01,55419.23738644282,55641.28331854885,55338.715736956154,55529.0994289606,55529.0994289606,33850.34300930808
2025-02-02,54394.45354757178,54311.499182450505,54236.9070151409,54252.403118844675,54252.403118844675,38389.48339204081
2025-02-03,54446.52948033311,54597.26842582347,54406.32703689278,54457.87754492133,54457.87754492133,10294.313185016581
2025-02-04,55925.639975850674,55970.248026439454,55655.13201339192,55903.48412848825,55903.48412848825,30728.229287300834
2025-02-05,57738.21885101097,57849.36858712381,57547.90837615751,57614.74365960649,57614.74365960649,11501.146301272125
2025-02-06,57694.89636435832,57872.020327007376,57767.04007880281,57798.09188856776,57798.09188856776,32769.208483657916
2025-02-07,57439.960375355186,57401.87171439211,56998.84977401578,57380.41128559126,57380.41128559126,46830.833985443016
2025-02-08,55175.11288273035,55323.64574353869,55062.025356220736,55234.10235837664,55234.10235837664,48736.765220016314
2025-02-09,54081.890934968294,54409.28310094643,54012.3867638484,54095.10787053273,54095.10787053273,31622.107015556965
2025-02-10,54305.19277772699,54523.31837497052,53920.42734972052,54297.964881188556,54297.964881188556,28328.192210088637
2025-02-11,56471.62428252204,56860.43146994654,56510.33584375998,56621.64646866673,56621.64646866673,47800.68376993976
2025-02-12,58242.2327979418,58348.70512117659,58053.02018840386,58320.11650222384,58320.11650222384,36944.3932798678
2025-02-13,59393.86860099237,59605.264311648076,59161.55405386753,59258.761311751055,59258.761311751055,12595.971181536379
2025-02-14,57559.04157832782,57916.68248870787,57160.96166168167,57470.422459469344,57470.422459469344,28629.023106699904
2025-02-15,55898.67835856638,56032.55253658725,55688.40410552169,55904.9423162991,55904.9423162991,19609.800738572158
2025-02-16,55328.51139419885,55404.36794333645,55209.974117983984,55304.19904834756,55304.19904834756,28792.172857947262
2025-02-17,55738.6393322145,56128.27512960869,55749.33634503031,55768.063582778144,55768.063582778144,28218.62288025447
2025-02-18,58036.65475419492,58009.53117555893,57635.83708610368,57900.99641561212,57900.99641561212,33285.79211258968
2025-02-19,59222.509578083846,59400.10158624491,58985.11212214641,59242.544835863264,59242.544835863264,24270.81961397005
2025-02-20,60393.12530496253,60494.11061539927,60090.51745872645,60369.94109574905,60369.94109574905,16570.817978237123
2025-02-21,60588.43450620963,60507.460255512386,60357.111626526224,60473.83149179543,60473.83149179543,30148.77738359825
2025-02-22,58515.66978698613,58687.82505101015,58385.73116526686,58593.406935470724,58593.406935470724,43208.115373830486
2025-02-23,57480.97592745675,57720.95697108221,57021.22779391168,57325.097009007055,57325.097009007055,36560.48912270409
2025-02-24,58321.4656463844,58624.093838582245,57908.08066773662,58474.51178735874,58474.51178735874,23534.714637008634
2025-02-25,61027.454718636654,61079.03911067334,60774.25873384358,60864.49050552538,60864.49050552538,47420.92091035429
2025-02-26,62165.98557885488,62251.10251007231,62092.9049772679,62203.25313725008,62203.25313725008,46488.30284996729
2025-02-27,62391.61239371267,62830.69880244519,62175.82991854743,62415.882268495196,62415.882268495196,18373.93597536395
2025-02-28,61040.43028118342,61413.308216619,61136.79902588463,61229.431298301715,61229.431298301715,11576.70340481452
2025-03-01,58812.72129494195,59364.25827122898,58775.91544525651,58858.200766679714,58858.200766679714,39652.34833403049
2025-03-02,57249.3354745716,57410.51697205031,57122.535980823144,57353.31612767429,57353.31612767429,43104.41045396613
2025-03-03,57213.203649553856,57494.16021109092,56900.019944152125,57273.96828409121,57273.96828409121,48714.58263805421
2025-03-04,58476.53105026159,58881.931637684596,58412.55799180387,58490.262146840476,58490.262146840476,45593.45576353243
2025-03-05,60168.891509895664,60319.022267338856,60035.02757046337,60073.112348448376,60073.112348448376,34021.39072825659
2025-03-06,60633.70258964956,60712.28209915681,60523.098510252494,60612.9422545095,60612.9422545095,31202.09356849523
2025-03-07,60373.40150049332,60435.695926509215,60240.67249651503,60342.6338351532,60342.6338351532,11113.642050503451
2025-03-08,58034.89959979438,58165.64120953976,58137.563336337764,58144.451538678935,58144.451538678935,19866.257873791114
2025-03-09,57502.97866319376,58119.922741557435,57093.38860147143,57591.05407215403,57591.05407215403,28384.59006931706
2025-03-10,58086.65469166923,58207.37625551313,57775.13250736733,57906.7821898341,57906.7821898341,35140.15600334271
2025-03-11,59408.72287683303,59532.99091260827,59391.54123779846,59482.242980309355,59482.242980309355,32290.073332736425
2025-03-12,61585.46619689968,61513.38400604703,61223.386564843015,61419.84537169395,61419.84537169395,39705.439587267625
2025-03-13,61256.90078081762,61498.36416569358,61269.41005638779,61281.20690070571,61281.20690070571,21190.677235481635
2025-03-14,60427.081901648766,60446.449738728596,60337.478607873876,60426.85310803442,60426.85310803442,32598.10430609893
2025-03-15,58918.11045205907,58872.6840439369,58742.56409586452,58811.073936036075,58811.073936036075,13525.689735631686
2025-03-16,58138.93014447081,58090.0706157613,57977.64814807763,58011.74090227694,58011.74090227694,26546.62094332828
2025-03-17,58567.96650799571,58632.873152272645,58386.5012509667,58579.04776402362,58579.04776402362,40006.43331818404
2025-03-18,61368.06617392838,61475.52893438002,61365.568223341324,61406.89047928053,61406.89047928053,37736.03413716176
2025-03-19,62682.62108760395,62812.52751042738,62566.16989853833,62688.21313245617,62688.21313245617,49625.70948688716
2025-03-20,62879.232947571436,62919.359261956946,62814.04260255453,62845.43719474822,62845.43719474822,21115.64503951024
2025-03-21,61577.43863445972,61563.72834455319,61371.002011859964,61488.30826577275,61488.30826577275,29927.571966959167
2025-03-22,59511.987415986965,59517.41699282455,59466.72114922939,59511.56443008755,59511.56443008755,23181.21655095987
2025-03-23,58209.20083047335,58372.522250825474,58004.39024254372,58147.31220067104,58147.31220067104,27624.12456236699
2025-03-24,59328.37897924465,59174.82175073525,58754.554750302064,59164.54300601756,59164.54300601756,44278.00519477553
2025-03-25,61513.11873654041,61829.594268955305,61243.17296232275,61474.98777531393,61474.98777531393,37368.36300753946
2025-03-26,62820.972559341,63042.19157388331,62722.556326004305,62789.80727374052,62789.80727374052,45297.64765390327
2025-03-27,62644.46094447238,62977.49848715391,62711.25404033334,62796.35202698139,62796.35202698139,18140.44433327546
2025-03-28,61723.42812572863,62117.2544071413,61747.05175468249,61986.501139411535,61986.501139411535,44934.44471365752
2025-03-29,60050.22191408878,60130.516599974464,59737.04960171967,60011.384341165765,60011.384341165765,12390.490967135378
2025-03-30,59272.809161152305,59557.17920291456,59140.40338379488,59282.29158428039,59282.29158428039,45543.9712174861
2025-03-31,59754.99736700747,60233.610477294686,59748.765895323806,59806.475634498944,59806.475634498944,23162.951178429117
2025-04-01,60673.14924272025,61276.34592903361,60492.04551807673,60648.796222301615,60648.796222301615,22583.50533656266
2025-04-02,63016.70109534844,63233.95283008135,62675.754153100774,63022.741468268134,63022.741468268134,30483.543067946557
2025-04-03,64456.180869672105,64388.050627434546,64172.04842584336,64343.40284460872,64343.40284460872,47627.60750892927
2025-04-04,63000.06092042925,63002.42863372661,62880.34047770598,62991.44983360335,62991.44983360335,11911.254587256215
2025-04-05,61023.90144902326,61155.7045925018,61057.715971209676,61098.593777530274,61098.593777530274,24089.23900282981
2025-04-06,60294.984431025514,60300.192292805456,59955.537901914366,60195.967807129586,60195.967807129586,44262.87954733343
2025-04-07,60764.20563442133,60914.96185910596,60706.7825995647,60785.91874191595,60785.91874191595,25842.17909741867
2025-04-08,62768.03719192087,62826.50441675433,62651.89287130361,62715.38352355364,62715.38352355364,17966.27590388268
2025-04-09,65272.93736761903,65338.59457448936,65254.10635736181,65320.67843823831,65320.67843823831,26991.767253256472
2025-04-10,65589.9446757344,65694.39504834561,65636.24999250415,65654.92736428414,65654.92736428414,25422.100059666773
2025-04-11,64218.63689927035,64240.47473298248,64104.35365376211,64210.22007625178,64210.22007625178,46616.648058668135
2025-04-12,61822.838050494014,61860.53684221018,61518.66112430349,61821.555186139645,61821.555186139645,40477.37502972389
2025-04-13,60458.51420394198,60637.28551977871,60346.21285813745,60410.5315004053,60410.5315004053,30204.622229760254
2025-04-14,60789.82597843025,60935.401898217395,60465.703939431776,60816.690553761226,60816.690553761226,49534.82266886284
2025-04-15,63130.52615244433,63902.23985775422,63310.481804664676,63314.162130821365,63314.162130821365,28611.101251036933
2025-04-16,64612.27173824595,64786.72928191074,64610.49630315528,64655.54912660479,64655.54912660479,12329.513232811008
2025-04-17,65269.54748893153,65229.11288116091,65051.62109119378,65190.16564221715,65190.16564221715,20490.972872599395
2025-04-18,64106.65792049334,64140.137279706825,63882.52942910831,64136.39552841765,64136.39552841765,27442.819208772504
2025-04-19,63006.948548785374,63109.290579654604,62691.083957410905,63031.58688903683,63031.58688903683,16276.104965844805
2025-04-20,63348.132086800804,63474.31698020741,63209.02867692565,63249.49443621021,63249.49443621021,47902.60505296172
2025-04-21,63335.585266816954,63596.287881967415,63080.411209725025,63406.78258954285,63406.78258954285,40673.955912710924
2025-04-22,64607.97519176068,64916.83104714969,64615.648914480174,64762.25551358497,64762.25551358497,20731.488017110903
2025-04-23,66868.46548546835,66965.9390548458,66520.91621290933,66884.5285974209,66884.5285974209,33632.181340716634
2025-04-24,67599.7794869022,67842.52822893533,67493.16578322012,67648.19688202707,67648.19688202707,38857.966284382885
2025-04-25,67429.36724715652,67801.91551208963,67415.38386196138,67525.99187913185,67525.99187913185,47651.15715627192
2025-04-26,66101.4128501001,66244.29414060796,66072.14580481935,66118.95069568997,66118.95069568997,45265.41396701642
2025-04-27,64942.89654925783,65066.2246790097,64844.04026091826,64893.74598453315,64893.74598453315,30607.689045528547
2025-04-28,65610.86708351546,65802.42094874746,65371.68960797747,65611.79593967224,65611.79593967224,40986.1047917207
2025-04-29,67797.03848253362,67868.95745928446,67738.2684012954,67766.340375265,67766.340375265,32485.7901531034
2025-04-30,69958.11488101653,69921.7932685346,69383.36017044756,69776.774111165,69776.774111165,32108.155601821603
2025-05-01,70418.84578035583,70556.36932393457,70229.69637417018,70453.13366651158,70453.13366651158,14589.678333527676
2025-05-02,69968.7472090074,70069.20866458752,69903.74319510438,69940.91234554294,69940.91234554294,15045.506320646084
2025-05-03,68775.633528401,68912.9393735957,68764.5550680278,68826.55486466091,68826.55486466091,31181.344600898297
2025-05-04,68387.4397224277,68632.15759946193,68460.75799663643,68472.0756944164,68472.0756944164,20754.461799160264
2025-05-05,69160.66241266229,69370.01144396678,68975.35902004533,69219.15317800407,69219.15317800407,10841.476098418745
2025-05-06,70687.91092599476,70973.56945744186,70345.5664103392,70735.78678314693,70735.78678314693,38913.56815600849
2025-05-07,72445.28385141963,72550.99704110515,72380.6186843639,72409.33627166493,72409.33627166493,11299.463867606599
2025-05-08,73670.22087338215,73505.6029362204,73071.71744963464,73435.31329471208,73435.31329471208,33811.073644162185
2025-05-09,71909.6824498277,72195.31684111856,71829.34433435845,71981.28679345528,71981.28679345528,31567.751765092577
2025-05-10,70424.95564122532,70471.92242363667,70447.72642889846,70466.61817178686,70466.61817178686,48752.58762311218
2025-05-11,69218.07779854875,69400.76503010541,69140.46810545505,69224.39009985987,69224.39009985987,29368.525573905667
2025-05-12,69701.06493599107,69694.09844390885,69488.70845900214,69661.4850511201,69661.4850511201,12544.057455111895
2025-05-13,71927.2587089205,72049.88415668631,71645.01064139347,71900.90362772503,71900.90362772503,32067.51871225847
2025-05-14,73725.05538643114,73731.6814620312,73388.30087422456,73596.64580703633,73596.64580703633,43643.84682464405
2025-05-15,73799.94741385392,74071.49035505056,73925.87776030507,74042.58662090744,74042.58662090744,49873.9713712576
2025-05-16,72078.4068976347,72475.58386885427,72291.19643528158,72317.09988465428,72317.09988465428,27213.7269475629
2025-05-17,70941.633574362,71052.81369749083,70875.24993450398,70991.22139156301,70991.22139156301,22811.9496998697
2025-05-18,70378.13483512461,70647.127749761,70127.02630277276,70268.40481637024,70268.40481637024,46266.131878079956
2025-05-19,71616.18991465533,71815.41345929047,71601.64358601175,71772.75471781589,71772.75471781589,17649.685163044855
2025-05-20,72918.29501167135,73219.29934071317,72889.16206677594,73219.05824564073,73219.05824564073,34617.15660131707
2025-05-21,74985.9439953959,75092.24378098761,74714.70394277814,74928.82605477398,74928.82605477398,26228.57696723791
2025-05-22,75500.60615879252,75608.08957010873,75330.31994246076,75476.24043642225,75476.24043642225,11643.294598222212
2025-05-23,75110.3875698607,75406.92243806596,75147.12494708603,75219.40841054065,75219.40841054065,23891.53897222791
2025-05-24,73374.20140817021,73794.2673411161,73214.12705949057,73472.7553682423,73472.7553682423,20609.140900106984
2025-05-25,72469.7330934008,72719.25242107752,72452.22940312914,72566.70746536428,72566.70746536428,37443.64615773947
2025-05-26,73304.43179176275,73447.20672997281,73203.25757744284,73293.37826001535,73293.37826001535,47951.61990767672
2025-05-27,74924.2439392767,75174.85608711677,74612.91219898856,74986.875466895,74986.875466895,20721.88749514551
2025-05-28,76413.25769681859,76529.74627330738,76131.49453613856,76363.85130492103,76363.85130492103,42458.63756606727
2025-05-29,76598.15617487268,76922.38406891767,76826.99106181436,76883.61884116312,76883.61884116312,12214.39267753638
2025-05-30,76289.19086381691,76427.77901859181,76314.70410090152,76374.8760503297,76374.8760503297,31524.840401592526
2025-05-31,74050.00772842819,74563.38559740064,73920.71773743554,74162.6131245193,74162.6131245193,12822.002548395783
2025-06-01,73157.90522799223,73310.62290187133,73105.74354995905,73183.53929582948,73183.53929582948,47361.31964522557
2025-06-02,73202.39665230365,73504.05310712336,73205.90670636456,73256.20142815266,73256.20142815266,40654.05122229561
2025-06-03,75533.70176590611,75465.9039139698,75415.06356152083,75453.91738791653,75453.91738791653,36317.996448183694
2025-06-04,76106.58290365996,76347.9919684176,76141.35828079429,76292.51658082596,76292.51658082596,42955.855264986574
2025-06-05,76440.32734461622,76707.90991615088,76226.03677169983,76435.77819698314,76435.77819698314,35900.791822806525
2025-06-06,75634.6591110735,75840.58954857616,75247.74404613467,75578.82546875233,75578.82546875233,48757.77588697165
2025-06-07,74848.24695092061,75266.48463842859,74565.86991049511,74662.58220726442,74662.58220726442,38558.317914590865
2025-06-08,73535.97181385533,73620.9183199154,73461.7150275337,73584.14841096467,73584.14841096467,46986.34438328987
2025-06-09,73761.71704784605,74089.37342371297,73631.02965432839,73729.27118741079,73729.27118741079,30685.275680425522
2025-06-10,76089.65608817629,76517.83163802042,76198.43649148312,76270.04236743253,76270.04236743253,14682.576519274506
2025-06-11,76907.03244209444,77188.15994558067,77118.3486223931,77146.22806252574,77146.22806252574,31127.108856920684
2025-06-12,76554.02506158687,76567.8748611351,76321.61699366376,76469.5476240087,76469.5476240087,15074.913122523732
2025-06-13,75643.44015390753,75805.4207025998,75262.12496577088,75643.99618327233,75643.99618327233,33699.73916705621
2025-06-14,73811.81506397057,73888.67303493162,73430.3033300202,73693.96379499073,73693.96379499073,29299.72242110652
2025-06-15,72000.44843176527,72233.06027453349,72123.25261579637,72137.78872066224,72137.78872066224,34903.01591331127
2025-06-16,72966.67969805768,73015.78351593814,72832.39085519237,72914.6894841048,72914.6894841048,10401.879242193263
2025-06-17,74823.66427034607,74848.82446779145,74618.93565544739,74636.78248629168,74636.78248629168,17793.619666214563
2025-06-18,75996.90637706053,76506.86782400701,75947.4216872289,75954.9358162248,75954.9358162248,29653.217276485237
2025-06-19,75765.1643072413,75815.98935011795,75391.26589599322,75737.5061566822,75737.5061566822,48020.1424635654
2025-06-20,75129.03176314154,75229.9688802006,74829.18850956846,75128.1761550591,75128.1761550591,25344.361614206337
2025-06-21,73597.18332222076,73759.38633037175,73746.00634147924,73754.27146793336,73754.27146793336,26974.881042145385
2025-06-22,72794.68216385154,73012.94005125832,72570.52444419103,72659.1248702805,72659.1248702805,38587.84356026488
2025-06-23,73944.08014411668,74144.108534315,73814.85595398238,74005.16590809719,74005.16590809719,34151.71029144472
2025-06-24,75120.76449587366,75152.17265785798,74866.08367872331,75070.31617023537,75070.31617023537,21957.046003933327
2025-06-25,75751.44279941737,76012.56390966142,75813.05185026745,75907.7462300745,75907.7462300745,26432.65582269711
2025-06-26,75866.56876847599,76014.98570933352,75930.98651674701,75984.51473492676,75984.51473492676,18707.991954289297
2025-06-27,75059.67180090811,75080.64704746232,74746.80890594258,74916.16306098588,74916.16306098588,48640.85836520834
2025-06-28,73304.09728064657,73563.03364300725,72913.38202547206,73338.82750954236,73338.82750954236,15225.37526229439
2025-06-29,72317.97836245505,72172.69222783444,72152.83195480255,72172.6508148508,72172.6508148508,24873.47138265678
2025-06-30,72763.5779869949,72773.26111712847,72650.83692174396,72771.40105290075,72771.40105290075,11033.558888800448
2025-07-01,73561.63420881098,73811.40292940935,73659.37139597994,73745.82398610677,73745.82398610677,18871.179677341854
2025-07-02,76157.10569341808,76098.9370702167,75973.89009597128,76067.89893344491,76067.89893344491,41218.8455352062
2025-07-03,76390.55665226601,76614.56553697509,76308.02070507716,76449.54588404157,76449.54588404157,18047.00929155518
2025-07-04,76032.50401542423,76136.06117721471,75820.20036123731,75962.63513407252,75962.63513407252,13202.536101158625
2025-07-05,74437.5136179105,74566.61582897154,74412.85945744503,74434.99253115649,74434.99253115649,28978.127193780932
2025-07-06,73463.49865217567,73678.55568072529,73438.48202950691,73617.81047496996,73617.81047496996,10398.769389380739
2025-07-07,74341.84613141588,74594.59083957346,74157.01991578839,74325.41665487882,74325.41665487882,13390.646177053328
2025-07-08,76369.085894404,76313.31515213301,76075.62214009924,76149.46358018872,76149.46358018872,42305.034782519004
2025-07-09,78120.31625127533,78166.26178013282,77489.61996155955,78071.01760542388,78071.01760542388,40858.933794384255
2025-07-10,79152.56463498258,79333.19424642569,79083.35199895878,79158.31641028314,79158.31641028314,46605.55281619584
2025-07-11,78318.55266956634,78263.53059517103,78003.30956520185,78211.01832937065,78211.01832937065,44180.61743642998
2025-07-12,76887.58177858034,76905.23291433354,76540.25976896784,76866.51493206003,76866.51493206003,37327.02252959272
2025-07-13,75797.04184217939,75946.2680115867,75528.60309150859,75776.08841915311,75776.08841915311,12093.314292026513
2025-07-14,76809.70704945487,76946.34392435066,76896.98787230419,76918.86956667078,76918.86956667078,41313.9447194663
2025-07-15,78204.25086352142,78258.95903092824,77915.1378952928,78180.86606094246,78180.86606094246,43820.432433622416
2025-07-16,80785.07326434088,80702.17327328569,80618.8920279262,80681.52892269919,80681.52892269919,41963.28583087818
2025-07-17,81000.56627195995,81137.24495704989,80962.87180952681,81084.17248716996,81084.17248716996,30339.161412321042
2025-07-18,79465.67585247243,79439.77800187004,79232.04543131359,79323.22627034773,79323.22627034773,19316.073545979267
2025-07-19,77679.10259928374,78176.03663335353,77596.45513965446,77688.27320169825,77688.27320169825,43813.19902754907
2025-07-20,76213.41175604363,76329.04453963473,76163.26863336485,76302.18870719748,76302.18870719748,39086.51238960554
2025-07-21,77244.99622917674,77429.7826487047,76914.36048783812,77145.23302148472,77145.23302148472,49230.44697555406
2025-07-22,78390.43425356099,78604.35675758313,78068.74791578446,78419.11367713481,78419.11367713481,16227.703910237316
2025-07-23,79872.16609457738,79989.294102747,79718.22986451688,79796.21460582876,79796.21460582876,19026.583322082202
2025-07-24,79244.99091692311,79521.3929245102,79242.55608216494,79274.16678014897,79274.16678014897,18471.925995260106
2025-07-25,77996.47234040828,78020.18647295356,77983.13022075829,78002.45495476127,78002.45495476127,41701.59070485347
2025-07-26,75140.86603577535,75130.97315682303,75008.31662975244,75091.51001534192,75091.51001534192,17476.291858004726
2025-07-27,73283.08964359474,73377.5303169226,73064.85072569638,73253.99993783573,73253.99993783573,12666.393192932244
2025-07-28,73857.37662765551,74120.14437690609,73935.28056736369,74056.92980570068,74056.92980570068,49942.432263425144
2025-07-29,75937.89815631793,76173.1767602816,75786.59614633805,76050.02253032736,76050.02253032736,10992.688457805965
2025-07-30,77955.8849550003,78103.72084395499,77707.73837375252,77862.94395652122,77862.94395652122,43409.762406354625
2025-07-31,77788.96476585946,77830.0676798858,77601.73502096426,77802.17842474961,77802.17842474961,24614.673662026114
2025-08-01,76680.39095063834,76822.80193388577,76582.27703344487,76732.76408091548,76732.76408091548,43664.61839031261
2025-08-02,74896.1001337396,75032.06312703667,74738.60049714221,75031.95753526535,75031.95753526535,32184.8196484458
2025-08-03,73299.24289277814,73527.45787469155,73306.9360955286,73407.21652490573,73407.21652490573,46065.249179454404
2025-08-04,74379.45835158601,74870.40917880891,74386.5757238866,74581.6382155822,74581.6382155822,47047.719456585066
2025-08-05,76610.38393430122,77079.74819679883,76517.38638848258,76620.51200617138,76620.51200617138,10363.92725123104
2025-08-06,78050.37880649974,78220.32993445617,77914.53814215223,78110.22256455784,78110.22256455784,13016.48703971153
2025-08-07,78449.72923474948,78790.53050903084,78441.95951466121,78546.388023848,78546.388023848,20014.34918283422
2025-08-08,77598.20841954167,77706.64880158793,77384.28679635239,77605.02076205847,77605.02076205847,36772.61665454006
2025-08-09,74921.54511482673,74914.70411550495,74818.99020687595,74885.14805174146,74885.14805174146,45530.88786046024
2025-08-10,73925.32048793894,73806.65037652255,73559.96086889446,73716.00069471795,73716.00069471795,28397.67805175851
2025-08-11,73646.54276855564,74088.22461740611,73531.61612970415,73797.73111051196,73797.73111051196,34278.92465097061
2025-08-12,75013.05185519587,74962.46270378628,74657.75602158056,74897.11375086581,74897.11375086581,17539.994111822445
2025-08-13,76454.06640582565,76416.85112164631,76178.01671184633,76356.75624972415,76356.75624972415,42198.67335526741
2025-08-14,77600.4127790042,77802.76348175055,77499.73127892011,77678.32205294186,77678.32205294186,48693.12445413879
2025-08-15,76973.50841327068,77180.95144136823,76587.26077746887,76953.18481781209,76953.18481781209,20743.9573165839
2025-08-16,74922.82672188203,75176.41240429984,74886.65272828989,74968.59004681579,74968.59004681579,29793.038064021854
2025-08-17,74227.89162977252,74224.47562903774,74066.85833981461,74209.32277173064,74209.32277173064,13444.644420254952
2025-08-18,75482.63613115685,75465.81915326463,74875.39266250862,75331.72302981639,75331.72302981639,32365.466258518736
2025-08-19,77454.79313983733,77608.60396318224,77270.70418118747,77394.23251657421,77394.23251657421,30111.337673867223
2025-08-20,79075.10118415896,79334.99210003883,78717.23229732914,79024.24034683562,79024.24034683562,15777.459366203104
2025-08-21,79080.46356578036,79287.07242938083,78747.49249099428,79123.49449777583,79123.49449777583,27682.648524723
2025-08-22,78278.64182232693,78502.32939403885,78284.50508304709,78427.04748881936,78427.04748881936,23364.18608346253
2025-08-23,76903.93808437132,77105.19521629687,76548.15486381364,76924.78490542536,76924.78490542536,30873.235012207573
2025-08-24,76447.48366516235,76500.7554659309,76252.35903908838,76326.82284967595,76326.82284967595,33426.173417151964
2025-08-25,76914.41450465069,77292.2182471926,76979.66865290186,77067.13129030966,77067.13129030966,10339.82314428838
2025-08-26,79086.59135645306,79429.9826718442,79155.06518590475,79192.10029327073,79192.10029327073,40440.23931798221
2025-08-27,80537.30210641518,80853.20992344298,80439.58635995495,80524.67533279178,80524.67533279178,38520.57167446963
2025-08-28,81507.62942691725,81786.21905233155,81561.6369342418,81606.09490540197,81606.09490540197,24651.455448260887
2025-08-29,80580.08369727363,80787.01442710683,80403.56287932248,80659.33604198515,80659.33604198515,12117.43742275273
2025-08-30,79955.60134401968,80063.68489734229,79807.49792604474,79997.9612021925,79997.9612021925,40197.301591402014
2025-08-31,78471.24688696554,78728.44611360102,78472.40959969285,78607.80862738455,78607.80862738455,48207.0064191253
2025-09-01,79801.1008841384,80007.33586918289,79743.98117970588,79898.51306876005,79898.51306876005,19606.063840880568
2025-09-02,81668.00389747162,81630.21968700734,81431.62274342036,81597.66110579288,81597.66110579288,22940.984549481516
2025-09-03,82741.40777106382,82880.32858436607,82692.06503160791,82872.14474928692,82872.14474928692,17352.5155792726
2025-09-04,82893.13715860315,83253.36186320892,82962.67930818893,83052.92437205263,83052.92437205263,33077.44493379359
2025-09-05,81784.18955423894,81995.35692127635,81610.49331881435,81847.19205219233,81847.19205219233,16193.655785898198
2025-09-06,80433.46529953918,80462.91246258252,80124.66157581292,80360.2697492882,80360.2697492882,24247.757738455177
2025-09-07,79556.43664674308,79621.84881061077,79242.68400523254,79576.12882754277,79576.12882754277,37880.52055737052
2025-09-08,79665.54325755475,79910.871240288,79407.35364102386,79712.0013653663,79712.0013653663,32404.639320373935
2025-09-09,81304.45259428862,81812.48344629613,81152.89231508791,81300.01671453707,81300.01671453707,25458.50257311741
2025-09-10,83796.77379585853,84009.55009166453,83614.98475739028,83971.3445391445,83971.3445391445,26809.984072301675
2025-09-11,85307.30922936526,85740.36174831034,84926.5140224522,85257.83866398776,85257.83866398776,32484.43530492918
2025-09-12,84468.78533620203,84587.36269064127,84325.55220580913,84430.44183306166,84430.44183306166,10234.589115486451
2025-09-13,82709.50744863112,82754.29037198758,82603.3776039043,82750.4382960407,82750.4382960407,13140.394738144394
2025-09-14,81865.48774481624,81817.47345947825,81620.59942888512,81764.8952936366,81764.8952936366,45250.322710520464
2025-09-15,82381.62720989929,82498.869998357,82284.34867187416,82494.37681979459,82494.37681979459,13115.15956365163
2025-09-16,83695.96408182198,83692.59700553167,83431.67415262913,83583.17318249663,83583.17318249663,38272.14384842021
2025-09-17,85070.12692564601,85290.84012214825,84780.57033028714,85054.67755908649,85054.67755908649,46801.5265643621
2025-09-18,84609.45280295283,84865.97240087442,84504.06748192385,84643.10806194064,84643.10806194064,20827.344172069243
2025-09-19,83795.17359394334,83940.23722056842,83740.41075274786,83797.16095748017,83797.16095748017,24819.65748238057
2025-09-20,82411.02717464558,82565.39079636827,82224.17898304653,82421.75365122668,82421.75365122668,32756.85623378865
2025-09-21,81256.63004395533,81222.2969020755,80965.23156108848,81134.60175431355,81134.60175431355,45268.35878554339
2025-09-22,82236.64976300421,82348.24100729011,82094.39389469198,82344.31767575131,82344.31767575131,47676.22349041681
2025-09-23,83255.37556563671,83466.19973674475,83175.75768877032,83331.62748955138,83331.62748955138,39582.52992445072
2025-09-24,84303.2629839554,84317.99552149643,84191.82879087265,84199.63269474816,84199.63269474816,13464.790434187762
2025-09-25,84675.02765030254,84805.38928600913,84650.99923466775,84734.58114382092,84734.58114382092,36766.16622139403
2025-09-26,84302.62493709695,84327.29198394316,83807.4100547415,84212.57162936378,84212.57162936378,26412.14887490648
2025-09-27,83525.47379728871,83375.90145804023,83141.35971525095,83355.53019898784,83355.53019898784,28828.039979642464
2025-09-28,82040.34989909589,82390.3334320891,81698.24558436211,82080.52940179006,82080.52940179006,11965.935613807082
2025-09-29,83110.72859095613,83290.41377342938,82786.50124409811,83042.5923582986,83042.5923582986,17642.485573854327
2025-09-30,84508.16154071555,84917.03582200002,84585.63480460532,84623.53076884954,84623.53076884954,41620.54430134591
2025-10-01,86212.88309398726,86170.36193242777,85935.92096954143,86137.40976418047,86137.40976418047,28158.35332191439
2025-10-02,87021.90467131545,87012.13981308798,86750.97773911631,87001.96227271677,87001.96227271677,22066.489665245954
2025-10-03,86329.8688743763,86317.23337903435,86245.62295120406,86282.56504616028,86282.56504616028,25360.762958598327
2025-10-04,83730.80648435974,83844.15433114498,83607.78058406115,83795.36369156328,83795.36369156328,44175.98053302721
2025-10-05,83321.96685910618,83532.71565158985,83485.57533628144,83488.07520066289,83488.07520066289,39959.96069619828
2025-10-06,84651.16862400444,84898.8161052499,84027.16280639613,84600.84341752948,84600.84341752948,20892.61588724331
2025-10-07,85681.91439682806,86208.4355077713,85554.53486030037,85888.254712076,85888.254712076,14700.073608494931
2025-10-08,87654.6140748718,87852.0485290521,87474.60341811928,87686.34912409606,87686.34912409606,20079.928865762868
2025-10-09,88450.20494367242,88376.73770906024,88321.52640955114,88356.08675703043,88356.08675703043,46830.25804218935
2025-10-10,87460.05474776652,87769.50273641005,87286.48094321188,87440.86497417922,87440.86497417922,33263.55351399021
2025-10-11,85661.5413856306,85501.87800203804,85378.44569081177,85466.70712115162,85466.70712115162,31339.208349791315
2025-10-12,84187.84768667746,84417.63080456489,83938.70553199729,84085.33677141929,84085.33677141929,33855.74398769846
2025-10-13,84429.89243688379,84499.45957337554,84449.48299722448,84495.28227571635,84495.28227571635,24641.13062986061
2025-10-14,86684.57076863243,86727.97961179103,86310.25914036763,86681.83943064729,86681.83943064729,42284.28081278051
2025-10-15,88549.09508299142,88805.86510628038,88433.18265313159,88553.83215324586,88553.83215324586,30931.449972009992
2025-10-16,88633.02985066125,88914.51980860374,88731.61583379775,88791.24752699585,88791.24752699585,14669.916110751823
2025-10-17,88037.49832490846,88206.57749262168,88003.80618282828,88131.5382165569,88131.5382165569,15162.604993162518
2025-10-18,84952.185539439,85071.80464948823,84796.63796511956,85008.26163013699,85008.26163013699,31474.365860104735
2025-10-19,84333.46376427407,84793.41457356041,84463.56184651771,84537.08581455966,84537.08581455966,47462.808722833564
2025-10-20,84094.70081178867,84201.48967710853,84060.33358100386,84089.95146496351,84089.95146496351,22334.08486704795
2025-10-21,85484.01645509798,85731.2152309507,85332.70997223104,85508.92363956329,85508.92363956329,44781.64675436873
2025-10-22,86381.99194742033,86598.5822932379,86406.83718482169,86549.2813375515,86549.2813375515,40563.823463155175
2025-10-23,86365.08442601172,86424.30748918334,86087.31621544852,86324.66313948398,86324.66313948398,19912.497716276273
2025-10-24,85931.10514187904,86087.5476751142,85572.25078626875,85859.51786740994,85859.51786740994,11453.6299326497
2025-10-25,83949.36543853562,84242.7701279628,83879.03990338671,83926.66199064913,83926.66199064913,14073.89060569531
2025-10-26,83021.94844823035,83257.37410411683,83045.15471630059,83054.35526575125,83054.35526575125,39139.75735389761
2025-10-27,83512.76173127975,83615.78901834664,83272.69464110582,83453.61751610457,83453.61751610457,17986.78952162587
2025-10-28,85360.3526110651,85543.84614680035,85057.77920596395,85292.33057501743,85292.33057501743,24850.83682021575
2025-10-29,86961.67452282085,86977.73813767027,86797.85080111052,86930.93416584887,86930.93416584887,30067.966640256993
2025-10-30,86629.69936850407,86805.43226843681,86323.91710625478,86712.16059354754,86712.16059354754,39018.72673800652
2025-10-31,86192.39541405898,86362.20224082567,85989.0707220719,86164.73533750785,86164.73533750785,14529.248930365015
2025-11-01,84338.39983490486,84234.04197455083,84143.25019001868,84218.85176982231,84218.85176982231,26254.65621109846
2025-11-02,82335.339248868,82458.97165938014,82348.71297022405,82395.00215472917,82395.00215472917,29402.916365707817
2025-11-03,82813.46104795218,82634.01871248869,82474.36920649378,82603.66711403894,82603.66711403894,31633.082558861588
2025-11-04,84901.67656125901,85121.26823498355,84911.10612714801,84954.23965465755,84954.23965465755,42734.42565580866
2025-11-05,86982.78387234964,87397.45091535458,86804.95095292489,86979.54317101563,86979.54317101563,16867.127801728675
2025-11-06,87160.69108400407,87549.47184902831,87051.65813781998,87227.9396436047,87227.9396436047,42313.25807306489
2025-11-07,86030.07920927425,86044.70024146137,85863.5250531731,86007.75212568222,86007.75212568222,37715.13710786609
2025-11-08,83973.70715470515,84552.65056781459,83964.67450385592,84147.92932396867,84147.92932396867,32234.832567958372
2025-11-09,84086.14047010413,84142.1046188978,83869.6560897647,84140.7446499858,84140.7446499858,37981.114816102876
2025-11-10,84645.2227958594,84792.44272289456,84520.39517405494,84754.43491589426,84754.43491589426,26480.709558066257
2025-11-11,86583.18221958046,86641.13746935331,86542.78908534168,86569.64838479123,86569.64838479123,15535.903438724983
2025-11-12,88784.42749465938,88721.06109346097,88669.06318463328,88684.98275710849,88684.98275710849,36630.609610614694
2025-11-13,89291.70049512624,89501.66957135008,89116.2883221916,89227.09987641478,89227.09987641478,30986.89226742489
2025-11-14,87814.85420165511,88494.3925200069,87879.67952368975,88052.020137741,88052.020137741,35574.99202171102
2025-11-15,86459.04690238644,86561.52667735291,86248.83364126083,86254.83993709365,86254.83993709365,23519.9512411396
2025-11-16,85203.00863568555,85458.2720721135,84743.00393270163,85173.48064162346,85173.48064162346,46274.66309359344
2025-11-17,85499.94214911207,85630.92252900825,85402.30093406078,85577.59206316137,85577.59206316137,33494.79474302308
2025-11-18,87557.31227218042,87627.44836434106,87229.30083579296,87541.59948028134,87541.59948028134,13416.099371634953
2025-11-19,89185.38405073654,89285.47572244042,88867.08110280047,89167.76506848627,89167.76506848627,27992.159628177145
2025-11-20,89890.12277519179,90276.43251726369,89890.78362809365,89956.80764688694,89956.80764688694,40254.242189745375
2025-11-21,88890.68235780373,88963.32522428592,88828.55729468328,88870.89069106952,88870.89069106952,41765.3824692909
