date,open,high,low,close,adj_close,volume,returns,log_returns,volatility
2022-11-22,30185.583685897167,30264.084114568836,29843.49515184825,30248.357076505617,30248.357076505617,14495.881087040518,,,
2022-11-23,31750.61368382917,32179.057708127802,31506.78277030282,31779.41757122138,31779.41757122138,11972.359484392988,0.050616319122500864,0.0493769625624324,
2022-11-24,32667.837514579413,32709.249915005104,32488.043146542528,32525.98438006461,32525.98438006461,20299.16865969877,0.023492148878124786,0.023220455233044213,
2022-11-25,31993.15977685188,32311.238337684987,32109.544206946066,32241.94064250539,32241.94064250539,15426.45868641511,-0.008732825246430043,-0.008771179823965868,
2022-11-26,30553.555217647605,30625.460701010717,30340.681237800178,30425.858679038785,30425.858679038785,20401.921610097357,-0.05632669520743472,-0.057975248166162986,
2022-11-27,29297.03388291113,29842.4826104397,29259.401979317812,29263.23153480096,29263.23153480096,25402.322228758465,-0.03821181043737609,-0.03896102972881174,
2022-11-28,30354.858317561822,30893.23542330369,30347.263100538683,30475.560482347544,30475.560482347544,47719.31136284543,0.04142840294670913,0.0405932351856744,
2022-11-29,32351.939252920427,32487.388417856386,32361.896035251135,32459.47049222535,32459.47049222535,34415.04239126768,0.0650983928918043,0.0630671825857435,0.04640776154378769
2022-11-30,33992.56524728005,34046.56250790673,33464.056322601886,33824.92594455923,33824.92594455923,43398.95142731849,0.04206647340907588,0.04120573535503484,0.04529201769455029
2022-12-01,34424.37781815083,34726.90969157021,34480.74774779964,34518.9285061451,34518.9285061451,38414.06002849329,0.02051748946097831,0.02030984125023348,0.04515622642246517
2022-12-02,33126.32594291603,33364.215774988144,33097.709405546,33241.66099397563,33241.66099397563,14500.125221065271,-0.037001945525107716,-0.037703887461345835,0.048209620497089954
2022-12-03,31423.522295322044,31520.473953720302,31051.13624951134,31309.79084108557,31309.79084108557,39436.81625495796,-0.05811593329347087,-0.059873083416490294,0.048594442706058186
2022-12-04,30419.068598733942,30509.96710324451,30193.92603574175,30385.21331110535,30385.21331110535,21003.95526236498,-0.029529981042446418,-0.029974769217532324,0.04740055028358057
2022-12-05,29757.5031709157,30234.1019993427,29756.814472993265,29851.29572856934,29851.29572856934,35564.31387978826,-0.01757162528593703,-0.017727838950520606,0.04532393417345626
2022-12-06,30610.69195515464,30627.165937766847,30292.206251906984,30589.02945761418,30589.02945761418,23638.47894571954,0.024713625021602903,0.024413183330825605,0.03718823714475073
2022-12-07,31805.50306993102,31951.56491293099,31836.955668537914,31908.078338295047,31908.078338295047,49906.89053058637,0.04312163229986132,0.04221778695647899,0.03742564929208168
2022-12-08,31934.46745776298,31998.398864058472,31761.77371181609,31824.38531792072,31824.38531792072,20542.05917987111,-0.0026229414221375924,-0.002626387359970554,0.03549025217247937
2022-12-09,31042.087414942434,31035.086696049642,30935.808599539792,30935.95031845512,30935.95031845512,21165.218830970785,-0.027916799981846374,-0.028313881458393232,0.03453416700847199
2022-12-10,28836.133624471775,28813.016785618296,28532.851457795638,28782.93300458958,28782.93300458958,47226.89022249593,-0.06959596494377418,-0.07213634088228683,0.037372397621594944
2022-12-11,27067.388594283406,27104.214688651948,26910.31942288763,27031.222488158703,27031.222488158703,10985.776185452907,-0.06085934731361664,-0.06279002112290344,0.04155528665359079
2022-12-12,28362.888224899096,28667.452529460013,28010.302799947676,28186.76941241236,28186.76941241236,37867.559514927874,0.04274860024402716,0.04186011172434712,0.047025393937519
2022-12-13,29674.042540209273,29685.59766687717,29583.655840903833,29674.07390747045,29674.07390747045,39013.055629435126,0.052766050386857666,0.05142103409600135,0.05120781797045124
2022-12-14,31189.843242573686,31348.25046445876,31214.022225563866,31308.030655115766,31308.030655115766,43455.14309641597,0.05506344537458219,0.05360090291563757,0.05316933027206801
2022-12-15,31063.32649308516,31228.50998100345,30965.20345587152,31018.37910180193,31018.37910180193,48977.572425539016,-0.009251669531839646,-0.009294732032204649,0.05325187571074091
2022-12-16,29909.233778729813,29921.7342603677,29613.285126567982,29700.6290737761,29700.6290737761,49024.076766266095,-0.04248287841543841,-0.04341167653675304,0.054679019574845854
2022-12-17,27955.60914320752,28294.49115363818,28043.85856960094,28057.085092526104,28057.085092526104,12611.070302658556,-0.05533700909726347,-0.05692703847698319,0.05205301440968793
2022-12-18,26399.883361382315,26563.77568245755,26016.08528021841,26436.029638051714,26436.029638051714,42873.5729101161,-0.05777704451936139,-0.059513349310334605,0.051486809369043936
2022-12-19,27088.245790827576,27275.202169563527,26997.19604686823,27046.60118701743,27046.60118701743,35852.397346295256,0.02309618945527525,0.0228335093872446,0.04911896775645033
2022-12-20,28341.084002458807,28673.1607938196,28274.806456955135,28346.47448735938,28346.47448735938,35893.68537492365,0.048060504584431785,0.04694131761443426,0.04822313317700812
2022-12-21,29702.589899726372,30030.08933636784,29671.31189663707,29800.820257764102,29800.820257764102,15133.997064587791,0.05130605469308924,0.05003325282694207,0.047451142610682534
2022-12-22,30034.87527706534,29983.216584490103,29773.85109714231,29922.689491442296,29922.689491442296,36007.48665782613,0.004089459035827803,0.004081119925460818,0.04756913159455614
2022-12-23,30035.273990135254,29954.125087937402,29767.025083289907,29803.26991793353,29803.26991793353,49299.303224049916,-0.003990937163015351,-0.003998922205016266,0.044526827181908826
2022-12-24,28117.129175362017,28110.343698778226,27967.641421795342,28097.516029459628,28097.516029459628,46472.74278157788,-0.05723378317784844,-0.05893694137702999,0.044933204521804875
2022-12-25,26432.69507024484,26588.854381279136,26258.841092763836,26523.10189921844,26523.10189921844,27565.22643219402,-0.056033925866985856,-0.05766505190085402,0.04455591383052733
2022-12-26,27202.20084255757,27421.368338152974,27073.176294160192,27357.096895062918,27357.096895062918,11597.918931443774,0.031444097263338966,0.030959856484519654,0.045340475727948415
2022-12-27,28372.665313500875,28431.251866225815,28226.783002231015,28346.867715378758,28346.867715378758,24491.739600008194,0.03617967301546754,0.035540558351734794,0.04353816060481901
2022-12-28,30161.87989251412,30374.23441199422,29678.18416791037,30051.492158182493,30051.492158182493,43055.61246402221,0.0601344903401424,0.0583957777550634,0.04533506570332804
2022-12-29,29541.896410685036,29585.086496338292,29292.876898068112,29494.379636035497,29494.379636035497,38059.96405860664,-0.01853859765813004,-0.018712591212722413,0.04597053170122421
2022-12-30,27784.48756173116,27833.559272881175,27647.801980671044,27784.727945823044,27784.727945823044,28373.746223758255,-0.057965338186792836,-0.059713209102679396,0.050799678090031546
2022-12-31,26125.226122473745,26376.970721310347,26026.02816782012,26184.153287652676,26184.153287652676,12204.061406353245,-0.05760627425581777,-0.05933212384871977,0.05085895693304632
2023-01-01,25398.611548615336,25745.72200967207,25113.807148344775,25507.827911887143,25507.827911887143,27075.789112932103,-0.025829568301697137,-0.026169009437271653,0.047355422735595905
2023-01-02,26099.709724907498,26261.75615530241,25837.715124615148,26016.23459227501,26016.23459227501,28760.99758871534,0.019931398398330025,0.019735368562136302,0.046077751543756706
2023-01-03,27649.9802585208,27678.083110352218,27316.368710526087,27558.603096382245,27558.603096382245,47142.22131576544,0.059284847645293404,0.05759400839763973,0.05026075642534238
2023-01-04,28853.670915219886,29148.478442351137,28862.091070075654,29008.243893888957,29008.243893888957,35643.44414328638,0.05260211457151165,0.05126530283872685,0.04874298629550472
2023-01-05,28850.689336316205,28751.218139170138,28688.85082493085,28691.70543849814,28691.70543849814,22466.116666185953,-0.01091201716824719,-0.010971989909023892,0.04844865454358895
2023-01-06,27343.631790626943,27561.36603119987,27095.436784658214,27286.224668537543,27286.224668537543,31012.730578028855,-0.048985612687726166,-0.050226087936804706,0.04684069725921259
2023-01-07,25496.859471467298,25386.911124359223,25275.492744367362,25356.900006952717,25356.900006952717,12642.212312886402,-0.07070691108870908,-0.0733311013223274,0.04962806724170196
2023-01-08,24705.689679450425,24865.017744993245,24702.638762907594,24839.902454298935,24839.902454298935,48902.72942598947,-0.020388831147026054,-0.020599552526721444,0.04926162210366698
2023-01-09,25297.85172333451,25469.048503732825,25413.255248253005,25434.43413887605,25434.43413887605,24402.39607722904,0.023934541839322865,0.023652600589054773,0.049590806165487424
2023-01-10,26138.209775519306,26156.22251601233,26036.22411040154,26153.106706496037,26153.106706496037,29114.694196525434,0.028255889779026377,0.027864056076033872,0.04428533097233584
2023-01-11,27965.619779184308,28134.59635387383,27520.05321959169,27915.34133649479,27915.34133649479,24211.358969476903,0.0673814644575681,0.06520841963443043,0.04779175184769215
2023-01-12,28325.158818372223,28433.532912598384,27832.674413737313,28145.522736079525,28145.522736079525,37300.469204648005,0.00824569532609698,0.008211885311293517,0.04791100622747247
2023-01-13,26832.11096154481,27080.40408280829,26438.060555169573,26761.503070163297,26761.503070163297,36489.28633318372,-0.04917370620166395,-0.05042388948392611,0.04794195468907808
2023-01-14,25344.067810797602,25537.72820814247,25347.464750974163,25368.335938478805,25368.335938478805,38612.89242116542,-0.05205862794895666,-0.05346262246753698,0.043813780757698886
2023-01-15,24735.640113196958,25036.55550385481,24658.52022429892,24838.277033963546,24838.277033963546,20725.729184476833,-0.020894508248420984,-0.02111588765859641,0.04385510055799488
2023-01-16,25849.639690586446,26157.317656035273,25460.576908166735,25726.63963331453,25726.63963331453,22626.73924656264,0.03576587048031743,0.035141124551989554,0.04510491507752386
2023-01-17,26810.75297442949,27035.015866542464,26869.39943884916,26907.223517004564,26907.223517004564,15010.049243848318,0.04588954875246287,0.04486776614040023,0.04722547897981833
2023-01-18,28515.65682985755,28617.427933061816,28168.479951995425,28352.809974380318,28352.809974380318,36220.398873844504,0.0537248466554785,0.052331359733942005,0.04441865808148415
2023-01-19,28912.725764914332,29269.567261902255,28915.654405799476,28941.164229874983,28941.164229874983,11591.885093426103,0.020751179725265523,0.02053880696046633,0.04491021748524606
2023-01-20,28542.436334934715,28585.341545541458,28081.147141623464,28383.37812767293,28383.37812767293,33907.29342093837,-0.01927310517889491,-0.019461252853538565,0.0400764724277528
2023-01-21,26512.678861651293,26582.415801680912,26154.550594635057,26444.785732645367,26444.785732645367,44787.835394065354,-0.06830027019009044,-0.070744694522677,0.044441785386382396
2023-01-22,25292.69802960596,25756.884739619065,25303.979788980992,25306.397578550204,25306.397578550204,45633.28593158534,-0.04304773597351763,-0.044001769623344435,0.0474315958035721
2023-01-23,25124.01299415746,25372.30572873839,24925.473942457447,25175.95263134007,25175.95263134007,27961.510414798468,-0.005154623324210239,-0.005167954225265434,0.04528604233369133
2023-01-24,26143.95117686649,26243.00824130282,26105.315588076104,26178.041964601096,26178.041964601096,28372.14752852295,0.03980343258247099,0.03903168815694284,0.044255561270840495
2023-01-25,28227.32919033707,28684.378664074262,28007.120043080085,28184.497521099547,28184.497521099547,13078.767320320694,0.0766465100488285,0.07385112707433189,0.049674572915772985
2023-01-26,29293.055724799626,29743.528589696,29201.187716441644,29285.340075177854,29285.340075177854,36830.601017721434,0.039058441728620164,0.038314958589722704,0.05138903007391905
2023-01-27,28144.395207817583,28481.690841977175,27682.933577299027,28203.776348624455,28203.776348624455,42850.37681491382,-0.03693191623443459,-0.03763117003039826,0.05306053033434374
2023-01-28,26989.974380433767,27335.617270856907,26966.74789210623,27006.53752146553,27006.53752146553,19786.20218418852,-0.042449593003431874,-0.043376914930164115,0.048164263679395906
2023-01-29,26149.654571198018,26346.31095462803,26054.4491578794,26141.7968682261,26141.7968682261,26852.035265334587,-0.03201967866306843,-0.03254352110958571,0.0465216247202202
2023-01-30,26029.086121274948,26729.91001198428,26161.100579724087,26241.959530716427,26241.959530716427,43553.57347061081,0.0038315140690297067,0.0038241925147986505,0.04629999004767869
2023-01-31,28068.66679025086,28299.704542474094,27775.69354040756,28022.84997877199,28022.84997877199,45084.81870649152,0.06786423269843911,0.0656606095156607,0.05064014534960054
2023-02-01,30294.088784834647,30504.8427313168,30177.850171376518,30392.060907306328,30392.060907306328,19727.199210569037,0.08454568076869684,0.08116117189950162,0.052407685460694214
2023-02-02,30681.53718722367,30915.8212958773,30660.827206454152,30796.870427544243,30796.870427544243,32022.82538165457,0.013319581106149947,0.013231655381104317,0.051077700004276166
2023-02-03,30364.89915497696,30704.31670144409,30295.132087192436,30533.63358968803,30533.63358968803,17699.726025433083,-0.008547519088847988,-0.00858425863458625,0.04791645482462112
2023-02-04,27345.366511751417,27676.54147949556,27169.038244736905,27524.755761538207,27524.755761538207,14075.150565582262,-0.09854306462778795,-0.10374300744960113,0.061403324360639264
2023-02-05,26754.603597651356,26946.38663275646,26826.21798277879,26890.148347962586,26890.148347962586,46444.820055678305,-0.023055878100193383,-0.023325822126854644,0.060606734555476584
2023-02-06,27285.492326111496,27377.23464266492,27255.55845567301,27356.394421874546,27356.394421874546,42820.30016928437,0.01733891787723385,0.017190314133431837,0.0607547529279859
2023-02-07,29002.40930569564,28819.602017522888,28790.778857322653,28807.083391942982,28807.083391942982,40401.396072126954,0.053029246021853105,0.051671006766008554,0.058518174660079705
2023-02-08,30400.56845792256,30603.949343285414,30383.62112880441,30453.15642551208,30453.15642551208,11950.652752525617,0.05714125970939099,0.05556834006795785,0.05300053553760007
2023-02-09,29899.86951863132,29938.22952337787,29784.648795181805,29882.094508004517,29882.094508004517,43749.151708410296,-0.01875214212701959,-0.018930192947284763,0.05319698905446263
2023-02-10,28766.74803697317,29065.291261161616,28591.558282490216,28726.69989832254,28726.69989832254,27521.76303621535,-0.03866511463486877,-0.03943245478922287,0.05490569646722466
2023-02-11,27219.35742659507,27225.918833332435,27199.42042447588,27206.250907973485,27206.250907973485,23695.804931834384,-0.052928077214947966,-0.05438024064928651,0.043879555490414064
2023-02-12,26891.89491850839,27097.357486011173,26682.19007680843,26899.63926458099,26899.63926458099,31859.054441015058,-0.01126989692293967,-0.011333883412929131,0.04310437981198208
2023-02-13,26943.69731887713,27283.94455868021,26846.061669460018,27063.226695237056,27063.226695237056,13654.129708942233,0.006081398677768135,0.006062981602827854,0.04259327888816437
2023-02-14,28404.26529391973,28295.151369322502,28123.297882500505,28259.172539091807,28259.172539091807,40265.861974095955,0.04419080759742622,0.04324223865871281,0.04082717116155136
2023-02-15,29789.20632696469,29886.88711986982,29378.72785556917,29608.486662600902,29608.486662600902,33297.40307553184,0.04774782848445214,0.04664293526966932,0.038654793888844755
2023-02-16,30320.644391832557,30672.57358244529,30355.647761062985,30488.910261244826,30488.910261244826,17463.603874926703,0.029735514978413535,0.029301987693155278,0.03976751323974536
2023-02-17,29505.32429122281,29921.827271036083,29515.208891740655,29607.727150311446,29607.727150311446,17529.287990761823,-0.02890175816003082,-0.02932763986645683,0.038179390870766994
2023-02-18,27615.860738085303,27841.767399637072,27298.680426564886,27643.841772323005,27643.841772323005,17369.94606290697,-0.06633016333939645,-0.06863239718640152,0.041735971789036125
2023-02-19,26758.463043625397,27043.071060714057,26719.403892649283,26854.916823116415,26854.916823116415,12280.09550207736,-0.02853890409676929,-0.028954056356875892,0.0432070013865832
2023-02-20,27376.774692928906,27522.67561629098,27087.356256973846,27326.17813758332,27326.17813758332,33511.9379748674,0.017548418323949155,0.017396222778818186,0.04366576390235598
2023-02-21,29337.866057910436,29455.619908150504,29214.46017192316,29410.6932781511,29410.6932781511,43613.92710354032,0.07628271798831698,0.0735131762868779,0.05002934658011951
2023-02-22,30876.364983294465,30769.869796318715,30566.978524051927,30659.859376513803,30659.859376513803,10699.928559495544,0.04247319458092136,0.04159596172803434,0.04934471571939129
2023-02-23,31037.805702442172,31112.41973398054,30826.338664357434,30918.750843007812,30918.750843007812,11960.185798850942,0.008443987407598108,0.008408536371531362,0.04828540055825455
2023-02-24,29698.39550374172,29698.213201907693,29520.45999882198,29677.1381006785,29677.1381006785,32910.81106747783,-0.04015727377324163,-0.04098583478846559,0.04969161075686594
2023-02-25,27349.073976839467,27513.180449491134,27196.067573298595,27246.375350507493,27246.375350507493,42779.827415442094,-0.08190691238234438,-0.08545649086893432,0.05343718166027269
2023-02-26,26459.466865712286,26469.150352066797,26229.374784338226,26348.876823276554,26348.876823276554,23069.55562274534,-0.03294010728712293,-0.033494848825453366,0.05384181522339228
2023-02-27,26845.732250353543,26966.083385987877,26617.653026819666,26902.12699915937,26902.12699915937,23984.575952308885,0.020997106616479133,0.02077970530630851,0.05406012771753024
2023-02-28,28423.254648327766,28823.475119488296,28157.096440022444,28504.87637278196,28504.87637278196,33853.85989987104,0.0595770503080546,0.0578698193553013,0.05032063249865058
2023-03-01,29995.589757692716,30075.87039898783,29792.00384123939,29987.77545139575,29987.77545139575,20968.515564965877,0.05202264550179714,0.05071464022622676,0.05187566123963136
2023-03-02,29788.976232613222,29706.740179948767,29685.748991650424,29702.81262016343,29702.81262016343,11064.334643107366,-0.009502633221133427,-0.009548071323726901,0.05171700807733938
2023-03-03,28460.83733288285,28557.429283900936,28285.278148689322,28446.931293017507,28446.931293017507,39409.140724063844,-0.0422815624636631,-0.04320145074853811,0.051966343688234995
2023-03-04,26418.8691104301,26621.35158546213,26410.479877337886,26576.5687586492,26576.5687586492,35025.996517658125,-0.06574918451142042,-0.06801033773645422,0.0481958536488837
2023-03-05,25049.589013880068,25402.699544269923,25025.368637222,25129.871458275153,25129.871458275153,33230.23996222636,-0.05443506697617717,-0.055972717383614985,0.05105450480907337
2023-03-06,25464.5538558756,25496.996042764622,25388.271498057304,25471.95114223504,25471.95114223504,39667.365159672925,0.013612472492263494,0.013520655091412438,0.05048586473988442
2023-03-07,27266.602655511077,27360.05032416871,26993.849497354375,27274.16921594366,27274.16921594366,37009.2335024815,0.07075304375566116,0.06836218014825811,0.05304237242917319
2023-03-08,30014.709029529247,29841.914312456724,29687.36479334304,29817.454811850268,29817.454811850268,18235.279527132847,0.09324887499854184,0.08915388226718197,0.061976143027766314
2023-03-09,30188.86746381918,30436.12586386636,30026.850197707117,30327.46625805908,30327.46625805908,24099.241877734046,0.01710445943247052,0.01695982509803647,0.06205436030108801
2023-03-10,29461.241711840823,29420.454801722375,29200.29326411265,29410.682787657235,29410.682787657235,15044.405667145,-0.030229477879914368,-0.030695810606952194,0.060688741958896154
2023-03-11,27823.365864502062,27682.57289191001,27474.842428206353,27674.454553669235,27674.454553669235,15194.280536715241,-0.05903393153173042,-0.060848199060427884,0.05939885293547232
2023-03-12,25896.655254798738,25809.908617817808,25592.716025865986,25669.510280256458,25669.510280256458,37047.82985426157,-0.0724474720730115,-0.07520585222063914,0.06281059341120647
2023-03-13,26038.536140006345,26211.556065834928,26028.9358410744,26078.97588232474,26078.97588232474,44344.00427929993,0.01595143801333898,0.015825550783000537,0.06287200339995308
2023-03-14,27758.426577868613,27989.804686956533,27310.1501346398,27709.283632596595,27709.283632596595,48509.30335444556,0.06251425506999331,0.06063803826289821,0.06149915920843386
2023-03-15,30598.073369860456,30891.01268277798,29919.11362293952,30541.09733414059,30541.09733414059,35133.884701977775,0.10219729023281987,0.09730572395628197,0.06371952428762054
2023-03-16,30887.18756469826,31116.412038621187,30746.294779715692,30867.63939154293,30867.63939154293,17364.052934438278,0.010691890138384341,0.010635136061522651,0.06356493751135799
2023-03-17,29962.969876822557,30111.435436505668,29936.21507320241,29972.854396946488,29972.854396946488,14226.013817957228,-0.02898780121299438,-0.029416247652316915,0.06345436953156454
2023-03-18,28300.090774938948,28400.174689102783,28149.592106292832,28256.493235988943,28256.493235988943,42514.03886147031,-0.05726385409366952,-0.05896883835729164,0.06316224925532264
2023-03-19,26373.37094289397,26805.580426804823,26449.06446624117,26626.595551415936,26626.595551415936,33150.25905439997,-0.057682235051626396,-0.05941273119496335,0.060341410607239826
2023-03-20,27688.936447472588,27679.71943412473,27556.595973354884,27620.729498466324,27620.729498466324,34731.4008405488,0.0373361267733503,0.03665601054931029,0.06141523389879263
2023-03-21,29609.50645047725,29846.4370746458,29237.84638892859,29596.888660111053,29596.888660111053,41258.483550188364,0.0715462334821555,0.06910268337408393,0.06278615271459027
2023-03-22,31570.34978925611,31727.29540378271,31546.583127095655,31592.597278933936,31592.597278933936,38131.08910929806,0.0674296761981128,0.06525358685286466,0.05531064616808093
2023-03-23,31765.312310901423,31616.42492377423,31461.077473511188,31560.62609132947,31560.62609132947,43378.330114243865,-0.0010119835138020505,-0.0010124959148415926,0.05532746312328947
2023-03-24,31148.971179155236,31383.533991686243,31083.2797306234,31216.46458103429,31216.46458103429,12248.556218395139,-0.010904774490190672,-0.010964667353634674,0.053908287997508256
2023-03-25,28776.226174626725,29245.563599087905,28732.21645141034,28816.53377353323,28816.53377353323,39900.825469860196,-0.07688028864611252,-0.0799963547811369,0.058152423948547055
2023-03-26,28263.558984890587,28301.923338476015,27896.61555457619,28064.403654670114,28064.403654670114,44034.110292883815,-0.02610064502462528,-0.026447312326143654,0.05359190610272184
2023-03-27,29499.14787688298,29644.31814941337,29458.90337005858,29582.354007367965,29582.354007367965,21445.40169833257,0.0540881028998903,0.05267603571487733,0.055422701296749866
2023-03-28,30632.26696181034,30814.03386629041,30575.618139314785,30687.278490103992,30687.278490103992,35617.89095973011,0.037350796439689304,0.03667015212043132,0.050502345249592635
2023-03-29,31989.61972826089,32087.082090094274,31784.291424009636,32004.322270603974,32004.322270603974,22566.482553478883,0.042918233395141225,0.04202277735123646,0.0462245328185064
2023-03-30,32560.943941153637,32513.928024716224,32388.970246816636,32476.87049294068,32476.87049294068,48318.84265929816,0.014765137606764567,0.014657194198173353,0.04639316016335909
2023-03-31,31200.354250854693,31205.538140066048,31023.786699416938,31179.574000119363,31179.574000119363,11336.942897420151,-0.03994524328023863,-0.04076495789712282,0.04926552093765521
2023-04-01,28575.974473766117,28713.999302877168,28613.68243525097,28705.237008481345,28705.237008481345,33191.7137533182,-0.07935762661890589,-0.08268362065358761,0.04992179276729673
2023-04-02,27640.742973808396,27723.36023044681,27359.06134345161,27693.959830121115,27693.959830121115,16660.141881980602,-0.03522971010695486,-0.03586524754115182,0.05084419848584555
2023-04-03,27524.795069729727,27778.30633640993,27584.411309285137,27585.530513050948,27585.530513050948,38488.808207086346,-0.003915269529359056,-0.003922954262194608,0.04477780791261309
2023-04-04,29414.7972691476,29864.623973988175,29288.7710425514,29422.519373669904,29422.519373669904,17035.611336746482,0.06659247897189657,0.06446896775494378,0.05078950275179578
2023-04-05,30605.584267717328,30674.498258855914,30344.659726626483,30562.999901854346,30562.999901854346,19415.3304759343,0.03876216423550227,0.03802977757431123,0.0501579623365963
2023-04-06,31802.510219744807,32034.650240071824,31683.269703661128,31760.68964415601,31760.68964415601,29774.832441830324,0.03918757144742835,0.03843922657162252,0.0525909097803781
2023-04-07,30145.903156819793,30341.160741894884,30184.39678071148,30323.504332224635,30323.504332224635,46593.397999875124,-0.045250444119239064,-0.04630621804471503,0.05326303358098277
2023-04-08,28569.86239677296,28979.41016554774,28293.647875868246,28463.468298016876,28463.468298016876,18468.57488591883,-0.06133974536152498,-0.06330168139158789,0.04922593311412592
2023-04-09,27849.925125538142,27985.40315453243,27765.874851405646,27824.66824093848,27824.66824093848,15769.60084472414,-0.022442804593946875,-0.022698476910021068,0.04792824922197177
2023-04-10,27770.411827273754,27959.781983603178,27617.638772142753,27631.958622514365,27631.958622514365,40359.07327416123,-0.0069258550274674535,-0.006949950078399457,0.04800003213036602
2023-04-11,29390.301067846867,29681.421397933085,29042.306485781635,29345.8812351178,29345.8812351178,30024.78129335724,0.06202682321646713,0.060179179766764304,0.04698405036382674
2023-04-12,31709.777553333937,31710.362905901962,31528.23941739904,31599.64525756036,31599.64525756036,46471.40449527086,0.07680001170813422,0.0739936907814078,0.05383676133208896
2023-04-13,31265.280711217663,31332.422795909704,31040.549547368693,31218.62618007265,31218.62618007265,15864.582286393692,-0.012057701103355023,-0.012130984866200843,0.052026766096788135
2023-04-14,30400.00701919584,30591.06376820127,30150.34344035425,30265.384443575564,30265.384443575564,35837.115720921574,-0.030534390943364298,-0.03101027779437783,0.05022143329629773
2023-04-15,28748.54562819663,28772.146112792347,28596.18742031861,28696.32056459485,28696.32056459485,19315.165846072603,-0.0518435138964104,-0.05323572062009906,0.048357114275233
2023-04-16,28031.881810075978,28082.389406740742,28031.718597284074,28041.673334720268,28041.673334720268,16270.417146065573,-0.022812932703375144,-0.023077174134935704,0.04838867378843611
2023-04-17,28073.16399111877,27962.25670186381,27844.50788734845,27845.920519074083,27845.920519074083,37337.17660629082,-0.006980782256093443,-0.007005261907814029,0.04839038450640241
2023-04-18,28874.788570061322,28988.836203971907,28653.820629938644,28785.884857833335,28785.884857833335,33747.38479634933,0.03375590827085029,0.033198682716311885,0.04348494497806403
2023-04-19,30704.42272804357,30776.90379495633,30507.28260190262,30647.04828594313,30647.04828594313,40193.09833449325,0.06465541835179422,0.06265119596413554,0.03991492762906616
2023-04-20,31090.632720698777,31463.05121570506,31134.06857347473,31218.26316235261,31218.26316235261,22378.503057847294,0.018638495658046095,0.01846692746781421,0.04052373505598457
2023-04-21,30169.120160015995,30304.767615414195,30199.54715216379,30297.95092176235,30297.95092176235,27918.866255287598,-0.029479930891866624,-0.02992319744403526,0.04039003052432556
2023-04-22,28801.441298620048,28926.16439661759,28666.962781872346,28772.16975040586,28772.16975040586,26218.867053216738,-0.05035921984613667,-0.05167149204909924,0.040069934291784216
2023-04-23,27401.15084363021,27433.355906211535,26955.930139879136,27386.598723853385,27386.598723853385,49363.57855866057,-0.04815664020378341,-0.04935479575782253,0.04357785921036099
2023-04-24,27864.03585572592,28236.62724146748,27706.017569876014,27925.448112226753,27925.448112226753,21689.958269575516,0.019675659391176437,0.01948459574046253,0.04428619445752177
2023-04-25,29686.275264138687,29738.35304062037,29576.4095029758,29672.17699417748,29672.17699417748,21792.689533870674,0.06254971719454505,0.06067141337538223,0.04890526550180965
2023-04-26,31074.05662327,31081.899722787424,30742.638777657015,30915.19393046564,30915.19393046564,24181.928353144296,0.0418916662748432,0.041037970819544516,0.04489796174308318
2023-04-27,32340.343973285933,32669.550854345198,32132.107943448107,32270.803725830905,32270.803725830905,32583.76325161286,0.043849305891928037,0.042915136026596766,0.04738708737348981
2023-04-28,31348.060669548307,31536.9728344931,31383.75899253976,31462.161520523583,31462.161520523583,20092.90977054981,-0.025058012566946064,-0.025377309823151808,0.04686640875488404
2023-04-29,29156.35361310299,29413.038294311944,28955.51721900796,29167.504495817284,29167.504495817284,46611.597615170955,-0.07293386448383199,-0.07573037236222867,0.051922352385391356
2023-04-30,28369.72598628572,28692.150838109217,28326.821444455636,28450.222634370977,28450.222634370977,20627.42259465054,-0.02459181454996151,-0.024899243850850624,0.04870841036082442
2023-05-01,28346.834347409345,28720.118816417744,28248.890474410106,28385.6043390502,28385.6043390502,45832.62926240779,-0.002271275559113217,-0.002273858817715258,0.04842321619775745
2023-05-02,30337.977719659797,30463.14308809597,30106.148143982657,30379.339286222763,30379.339286222763,14139.002545863386,0.07023753742772243,0.06788062143199705,0.050049594544819616
2023-05-03,32511.065162767423,32699.832092179506,32316.440923950544,32558.829721027825,32558.829721027825,36262.50809598609,0.07174252258321756,0.06928584964232974,0.05481652142485102
2023-05-04,32445.69756444755,32582.364917176434,32518.96099539812,32571.21110164489,32571.21110164489,46279.42073752975,0.00038027720047528746,0.00038020491342618395,0.05258934870732262
2023-05-05,31994.575032351997,32119.005883008158,31933.485072654574,32007.340500503815,32007.340500503815,16749.97753592918,-0.017311932288345266,-0.017463536038492693,0.05199090084548641
2023-05-06,30458.66492418241,30529.926766149623,30486.04799439869,30514.72568786714,30514.72568786714,48733.0784039702,-0.04663351560287177,-0.04775589059780303,0.046161120373796195
2023-05-07,29587.2522331009,29987.9483005904,29524.95005552146,29880.197102101127,29880.197102101127,28115.334416620466,-0.020794176302174838,-0.021013419837936437,0.04574337583747642
2023-05-08,31456.613335671158,31435.450851836868,31169.585570924857,31251.316133220993,31251.316133220993,47828.60433764098,0.045887215082107025,0.044865534859896306,0.04754350988232253
2023-05-09,32837.69168594256,32762.68688532811,32522.94041888448,32728.81472052089,32728.81472052089,37072.80174520188,0.04727796362244341,0.046194382443582864,0.04371860696917942
2023-05-10,33914.509211150995,34234.88218302449,33681.60522647479,33952.1392836435,33952.1392836435,22063.474794942063,0.0373776005507338,0.03669599079028794,0.037283052865892036
2023-05-11,33931.9865135977,33952.34982089338,33625.63277138006,33930.10460862364,33930.10460862364,17532.100996684258,-0.0006489922427501682,-0.0006492029293766657,0.03731367691258559
2023-05-12,32359.475365645932,32657.422328670647,32254.103125379705,32476.64080037769,32476.64080037769,22149.401849003974,-0.04283699755751824,-0.04378157555191881,0.04107999595143138
2023-05-13,30908.6569573468,30886.190658083666,30613.231990827157,30739.084669565713,30739.084669565713,13720.696370507,-0.0535017196357257,-0.05498612517088719,0.04251455786586816
2023-05-14,30053.8308606881,30111.320626252877,29557.35644922749,29864.101991210788,29864.101991210788,15754.71865373319,-0.02846482540910633,-0.02887780434463707,0.04328651772942295
2023-05-15,30440.83930349331,30643.43195478751,30318.009638058196,30425.169930668657,30425.169930668657,14186.417613859245,0.01878737018856258,0.018613067293833923,0.039631979448076914
2023-05-16,32541.30726490652,32560.781824669422,32097.4826089694,32438.954200487988,32438.954200487988,26917.74174966231,0.06618810262714203,0.06408976667529316,0.044040989791575245
2023-05-17,34063.176469621714,34264.11034466283,33822.34290373859,34045.64779172832,34045.64779172832,41823.135050303456,0.04952975923052905,0.048342215503530336,0.045977222196192595
2023-05-18,35061.46482621231,35258.41906003886,34947.975046098516,35195.1373700999,35195.1373700999,15655.342168653608,0.033763187159883135,0.033205723898227894,0.047547841946709316
2023-05-19,33976.067950821314,34259.86982771352,33986.07065213035,34017.25028771768,34017.25028771768,15212.817326893435,-0.03346732447712786,-0.03404017281121032,0.046045155241867704
2023-05-20,33691.52239158477,33706.67297763555,33568.67213560945,33678.32959490757,33678.32959490757,35737.15798069323,-0.00996320072738166,-0.010013165561882522,0.038793748372176126
2023-05-21,32900.1498311525,33409.47051102318,32913.60095785628,32945.60460302684,32945.60460302684,17887.31927872265,-0.02175657167959788,-0.021996735705744074,0.03764237434761999
2023-05-22,32917.88303686806,33018.41193249043,32839.39181737805,32939.74836461156,32939.74836461156,13904.401524359664,-0.00017775477141324103,-0.00017777057166502895,0.0379823013715753
2023-05-23,33995.35480513142,34042.90458418034,33781.014997701845,34004.494760882335,34004.494760882335,16673.943128223105,0.03232405981020414,0.031812629212092186,0.031543482516414874
2023-05-24,35837.83576401878,35907.74690664583,35556.22376782675,35845.92361380533,35845.92361380533,46949.255835071046,0.0541525132448466,0.052737139124500586,0.03260833266468628
2023-05-25,36162.140609985036,36183.62294189174,36084.96103177747,36156.91476093529,36156.91476093529,42858.850111047635,0.008675774419443005,0.008638356154423326,0.030601087573849287
2023-05-26,35362.29583557846,35498.85030949423,35203.146805001714,35468.35634221812,35468.35634221812,24162.582494203765,-0.019043616505164396,-0.01922728167448623,0.02801392620074412
2023-05-27,33934.268263487174,34147.59161373769,33923.276846175315,34005.96987839997,34005.96987839997,36232.83069309571,-0.041230736764575227,-0.042104834470779486,0.033077402937304136
2023-05-28,32795.538329738265,33115.33721966718,32871.94065499168,32923.99675630826,32923.99675630826,31491.026946721522,-0.03181715228122228,-0.0323343172719943,0.034463548131763604
2023-05-29,33021.103992035554,33080.520329168525,32730.57065182481,32923.322437066934,32923.322437066934,37084.97053930256,-2.048108698093909e-05,-2.048129672126486e-05,0.03446315093842631
2023-05-30,33555.52677584137,34032.338060736955,33574.661287046394,33766.0914700254,33766.0914700254,37306.846098510374,0.025597933943921403,0.02527579269698342,0.03350632244412547
2023-05-31,35258.385673624914,35510.26771391388,35074.26906298325,35143.026639293224,35143.026639293224,35149.36060239971,0.040778636475890195,0.03996912194466798,0.03007437765531883
2023-06-01,36132.58351597412,36095.54684163035,35984.218105933745,35993.948576247836,35993.948576247836,20644.054741492342,0.02421310906679852,0.023924619287579864,0.031567545539555784
2023-06-02,35025.21872385146,35276.1101037845,35048.87738346741,35055.436782549725,35055.436782549725,11560.256830512724,-0.026074154984969566,-0.02642011271946696,0.03236804676912425
2023-06-03,32473.248408306066,33164.1402356793,32581.863050148782,32733.562117088797,32733.562117088797,28222.671279604354,-0.06623436700742336,-0.06852980051453375,0.03834655168441895
2023-06-04,31738.462858054416,31852.309635157337,31728.51377140999,31774.593914251145,31774.593914251145,45638.95538762815,-0.02929617618172442,-0.029733879033767778,0.038061233633487415
2023-06-05,32383.556727779523,32888.57504739497,32205.128515054745,32389.975143908407,32389.975143908407,32779.89034074303,0.019367084007996027,0.0191819288282215,0.03912639097419731
2023-06-06,33447.179249116314,33549.45325341719,33370.19938888425,33548.23907110921,33548.23907110921,43295.641668076314,0.03575995109766672,0.035135409554291654,0.04047186952555744
2023-06-07,35173.7724300025,35392.99242427365,35018.24440243858,35225.294269383325,35225.294269383325,49664.973718449124,0.049989365901423666,0.04878003640521653,0.04214194979507869
2023-06-08,35830.14068828556,35693.48704010873,35307.8835959516,35677.12116839922,35677.12116839922,16544.64816553105,0.012826774293511312,0.012745207972166564,0.041312880371306974
2023-06-09,34126.57006995086,34079.85528435891,33874.1751816822,34060.077353720684,34060.077353720684,37671.10556567929,-0.045324391703185474,-0.046383673380876615,0.043859407974272235
2023-06-10,32447.50934635209,32723.781054387455,32240.659906771885,32539.9657577899,32539.9657577899,36971.74294800099,-0.04463030368792531,-0.04565689685454289,0.03920354367750789
2023-06-11,31615.039438251235,31832.854264048507,31644.7945683294,31774.799355210776,31774.799355210776,49198.21789433114,-0.02351466526654067,-0.023795546972279702,0.0385434075046403
2023-06-12,32706.345784830326,32792.525979405684,32722.359922633234,32739.047516591305,32739.047516591305,49424.02935811201,0.030346317866595696,0.02989497666703209,0.039640312205046706
2023-06-13,34844.795509975054,34930.480749149305,34576.21214397039,34866.1411879101,34866.1411879101,37467.14446896518,0.06497115318461355,0.06294771258291991,0.04494391232274867
2023-06-14,35827.11906796923,35911.11723996151,35593.12718660784,35777.4991492329,35777.4991492329,19744.59167928777,0.026138767591488365,0.0258029886668061,0.04188700706038795
2023-06-15,35677.77749781147,35929.71763897554,35530.517694651935,35731.309169068234,35731.309169068234,41942.23352522396,-0.001291034344575115,-0.0012918684473954328,0.04167283440697364
2023-06-16,34994.41809444556,34978.260088248455,34901.814671029584,34943.26813690937,34943.26813690937,14281.165368441525,-0.02205463640948968,-0.022301475957228006,0.03814443043825578
2023-06-17,33694.67124026657,33652.30486815912,33487.2869688533,33501.15583626055,33501.15583626055,41227.97216686515,-0.041270103729237784,-0.04214589520811845,0.037440978478110766
2023-06-18,32794.67111589471,32820.42298236436,32568.773502982825,32713.121013650278,32713.121013650278,46407.84496578786,-0.023522615949785552,-0.0238036891484395,0.03744197931368989
2023-06-19,35057.400448037486,35241.90289512877,35026.84512434268,35062.20929877056,35062.20929877056,25313.33579073741,0.071808748671216,0.06934764064206708,0.044733881574541716
2023-06-20,36929.53215231316,36953.48343089232,36838.51118250103,36947.84719941849,36947.84719941849,35225.41179932322,0.05377977994997729,0.05238349085984109,0.04262032989050263
2023-06-21,39080.155351392146,39117.646464138976,39061.49164274492,39115.82266481013,39115.82266481013,27205.709283873053,0.05867663828126268,0.05701967370384021,0.046397317909021456
2023-06-22,40133.610177594834,40232.72519951593,39680.855668289914,40015.54608634962,40015.54608634962,27510.60219952514,0.023001521129936586,0.022740973898918247,0.045993071596553595
2023-06-23,39232.95170164418,39390.622692815305,39027.590835881245,39295.68304623931,39295.68304623931,22414.8355643248,-0.017989584311979945,-0.018153364076975754,0.04543708664494946
2023-06-24,37443.56541871421,37444.04853956324,37179.126900428695,37439.04314781421,37439.04314781421,40485.18481801299,-0.04724793551089024,-0.04840057235661351,0.04676862806259174
2023-06-25,36778.08888248568,36936.52235213763,36607.02260872174,36772.96909229757,36772.96909229757,47447.062566660206,-0.017790894197987184,-0.01795105459731055,0.0459859873485858
2023-06-26,36759.10060554051,37087.32053462513,36646.999713923346,36809.27902482166,36809.27902482166,47630.034369378445,0.0009874082354610625,0.0009869210686113336,0.03943378821446854
2023-06-27,38153.81581196458,38402.624428023366,38061.40970900247,38291.062366752994,38291.062366752994,16991.251394997355,0.04025570131194689,0.03946654957913358,0.037055530927606384
2023-06-28,39680.87068850156,39650.64376210848,39484.81770938882,39648.5732381398,39648.5732381398,44989.74598626264,0.03545242120431458,0.0348384531439065,0.03224969547640687
2023-06-29,40106.13245044034,40374.600094095906,39804.64646394337,40112.23284762588,40112.23284762588,39497.25765708489,0.011694231888275564,0.01162638280817195,0.031314341410454236
2023-06-30,40274.02751214306,40437.026197814484,39999.494503950526,40224.00346519941,40224.00346519941,20113.49602761157,0.002786447166830852,0.0027825722194791524,0.03020534898390619
2023-07-01,37538.00556215464,37652.41053366949,37407.865028595705,37591.36559279856,37591.36559279856,12691.384516860582,-0.06544942436370171,-0.06768953301989833,0.03562311079337682
2023-07-02,37011.0191521039,37010.839462654454,36685.4047288539,36888.9370222226,36888.9370222226,20719.890675375118,-0.018685901921863812,-0.018862689136788416,0.03570387013104958
2023-07-03,36417.62424829948,36542.69588701775,36451.002564255534,36505.30162642066,36505.30162642066,46488.32947126102,-0.01039974113569142,-0.010454196319102722,0.03596331724881934
2023-07-04,38040.73236722907,37880.85832380671,37759.233083779385,37869.52833882729,37869.52833882729,35327.14699583089,0.03737064622469166,0.03668928701207969,0.03542935018117381
2023-07-05,39839.4326316295,40120.134833483666,39946.07843933222,40014.19628261232,40014.19628261232,38842.186435914875,0.05663307777683957,0.05508751112294701,0.03971048776587734
2023-07-06,40512.535838408665,40483.158587564794,40390.91964776735,40469.05883195298,40469.05883195298,20286.094044363832,0.011367529317046765,0.011303404458886014,0.03969737507744466
2023-07-07,38932.17084547778,38981.92810599036,38619.333351562906,38884.62777722512,38884.62777722512,38775.52622299281,-0.03915166550591598,-0.03993870297244678,0.04260741518637744
2023-07-08,36748.41493969608,36840.865529452196,36618.50710516588,36827.97064649017,36827.97064649017,11124.86025111695,-0.052891264448197806,-0.054341371319064205,0.03976027600375543
2023-07-09,36164.65024898037,36517.30416846504,35888.29285670871,36122.210855194266,36122.210855194266,25012.853830920554,-0.019163689416135776,-0.01934969309082368,0.039793587620530535
2023-07-10,36307.70194610459,36367.61715789233,36133.87193031497,36179.75007912858,36179.75007912858,35070.133941693246,0.0015929042705877805,0.0015916369442213777,0.03964560360591299
2023-07-11,37666.49013528551,37916.98953036524,37879.47662925815,37888.17201922092,37888.17201922092,15843.86262165281,0.04722039086383556,0.046139407219086714,0.041356021281276814
2023-07-12,39561.42506522325,39753.08953304239,39204.92908396303,39511.15058447417,39511.15058447417,42920.14297787739,0.04283602187062252,0.04194394589316443,0.03848041090333585
2023-07-13,39358.74586843115,39728.0586964634,39505.22199926059,39608.07295046416,39608.07295046416,19401.251952476745,0.0024530383083318785,0.002450034521128007,0.0381423581034301
2023-07-14,39537.919849011254,39940.63649583231,39520.074841020745,39634.48632936357,39634.48632936357,36091.244512737845,0.0006668685682449382,0.0006666463102070588,0.03455603407789908
2023-07-15,38415.35720090775,38496.19293475711,38240.00236101779,38252.44056441765,38252.44056441765,26207.885703013188,-0.03486977864330287,-0.03549224233624403,0.0300548958629763
2023-07-16,36136.13240198641,36236.99917951166,35969.43993335152,36194.31060532562,36194.31060532562,33841.74381910589,-0.05380388620240095,-0.05530542296156538,0.036921405701063656
2023-07-17,36592.8723060623,37008.40552987319,36643.444856307215,36710.2603025032,36710.2603025032,14298.022105156324,0.014254994460418446,0.014154347381591268,0.0372711964149356
2023-07-18,37959.765942521866,38009.293206860755,37866.63853024162,37979.559715420335,37979.559715420335,10676.511996864294,0.034576148533345785,0.03399182451653343,0.03498933723684875
2023-07-19,40212.759661936165,40073.38622234342,39802.03616038139,40005.96902811981,40005.96902811981,46382.57709521205,0.05335526077403996,0.051980555904580616,0.03724513348430182
2023-07-20,39849.26297397579,40155.111731404584,40027.72076852155,40032.431198696395,40032.431198696395,20785.20035068731,0.0006614555582438175,0.0006612368929356608,0.03725067187202039
2023-07-21,38824.37332103574,38989.998249497294,38894.6334606191,38929.50431219967,38929.50431219967,42787.08011121836,-0.027550834497721888,-0.027937476832855013,0.038923391282658606
2023-07-22,37632.73584390294,37560.628039293224,37437.93109117679,37482.99267558498,37482.99267558498,49974.01201888801,-0.03715720665267719,-0.037865127293891104,0.039254403335588675
2023-07-23,37056.081841260595,36904.39485138192,36796.40622114015,36870.31160690682,36870.31160690682,18457.250319956445,-0.016345575018006486,-0.016480637736972573,0.03312844956681421
2023-07-24,36682.542820742776,36725.00073938177,36666.59142403747,36692.8859431718,36692.8859431718,20606.829647334223,-0.004812155254521389,-0.004823770952963022,0.03284232568308427
2023-07-25,38001.9227003,38126.43717458335,37960.61853626437,38125.827970552666,38125.827970552666,36514.39150538662,0.03905231192771641,0.038309059192019296,0.03365247186476893
2023-07-26,39698.132310454464,39575.93559422282,39401.19511282591,39488.54796027355,39488.54796027355,48617.94538402485,0.03574269890672044,0.035118752862158875,0.0294890464803796
2023-07-27,39744.050122954526,39822.735138736876,39263.29046363187,39584.60588377961,39584.60588377961,46632.57392762975,0.002432551422318463,0.002429597558421441,0.029518136342604424
2023-07-28,39489.669036933155,39611.685165245195,39071.857557315845,39421.77433815693,39421.77433815693,30115.020802623396,-0.004113506803648637,-0.004121990546041206,0.02727992791553273
2023-07-29,37844.01968263875,38222.23951122247,37648.96910179439,37925.25991753249,37925.25991753249,41804.41130106899,-0.03796162008811321,-0.038700933153950866,0.027473933928010563
2023-07-30,36244.35634051791,36760.0435015821,35990.80673558059,36249.25927460171,36249.25927460171,15429.834123996043,-0.04419219925124307,-0.04519843138492557,0.03218499376035716
2023-07-31,37114.87677981749,37317.77677016983,36992.971226872934,37130.912787921974,37130.912787921974,49097.52736816049,0.024321973219960435,0.024030904168132527,0.03360974955081335
2023-08-01,39825.268662191185,40065.55927141271,39691.58857761936,39792.18353172963,39792.18353172963,48574.12936143946,0.07167264535100037,0.06922064787154142,0.04101855811615166
2023-08-02,42053.70895111973,41953.56188768513,41855.91136424038,41908.60880730659,41908.60880730659,16549.15831516684,0.053186960044285136,0.05182076729132649,0.04352053778872785
2023-08-03,41659.58806823619,41805.66896933432,41512.80153831975,41571.64636412245,41571.64636412245,21976.924992124266,-0.00804041109389908,-0.008072909516855586,0.04397503226567457
2023-08-04,40176.23305422762,40644.366749442095,40237.089101862824,40283.97066192609,40283.97066192609,14006.199900270676,-0.030974854614073233,-0.031464717597384076,0.04630227518551509
2023-08-05,39356.07060541643,39326.713506055436,39061.6678272972,39218.42096041448,39218.42096041448,20868.703955927187,-0.026450960121433664,-0.02680708062759145,0.044741700438370835
2023-08-06,37850.340775843164,37970.858593902376,37680.919351378594,37819.027561841845,37819.027561841845,42638.23157660826,-0.035682043394483554,-0.03633420825006665,0.04325261206484792
2023-08-07,38532.366395293706,38578.96189585316,38280.42143261156,38463.65981570781,38463.65981570781,25132.62428661038,0.017045183216619186,0.016901544021142918,0.04284859254332498
2023-08-08,40597.823573651665,40969.37794615279,40284.805046077716,40451.169487723804,40451.169487723804,13535.878685870335,0.05167240147034402,0.05038166037233267,0.03813317292820692
2023-08-09,41476.73887228482,41697.14578688667,41574.46123922631,41587.896897236176,41587.896897236176,23689.020991156183,0.028101224857228102,0.027713629945291227,0.033527421061663204
2023-08-10,41977.27420112752,42059.21756007868,41837.70476117602,41980.85675899817,41980.85675899817,49255.333369651205,0.009448899585689396,0.009404537960756425,0.03353381074181984
2023-08-11,39261.518968064476,39610.44673695522,39178.25401005787,39314.6644232004,39314.6644232004,35187.34381036812,-0.06350971708614073,-0.06561613311139815,0.04039854425454998
2023-08-12,36946.67938389178,37140.137310384154,36806.01609536114,37103.465326428326,37103.465326428326,26646.43785624631,-0.05624362128517102,-0.05788721953861383,0.04465464099376085
2023-08-13,35966.293582729,35934.684554803105,35815.6119366945,35931.62258496851,35931.62258496851,16661.5405398908,-0.03158310770032391,-0.03209261055562802,0.04424117148872178
2023-08-14,35981.60918893739,35846.31183369917,35682.57263367187,35730.45353377895,35730.45353377895,49447.07189134779,-0.005598663147311167,-0.005614394405315689,0.0430497102240695
2023-08-15,37962.84405659557,38170.76790472897,38046.91480898556,38146.851831046144,38146.851831046144,42833.96037052515,0.06762853695609472,0.0654398681985739,0.047073649165699415
2023-08-16,39028.74572626222,39226.58757554348,38937.57333318332,39031.97378736717,39031.97378736717,21259.092098036774,0.023203014504087127,0.022937917431485856,0.0464908802183409
2023-08-17,39298.72837731905,39473.98838414447,39219.48303022836,39234.67408381157,39234.67408381157,12802.747828847578,0.0051931859133911296,0.0051797478276653965,0.04625044938165663
2023-08-18,38266.79352685703,38286.191621296806,38105.94922301947,38254.48570669141,38254.48570669141,12265.02229510232,-0.02498270726109053,-0.02530007199910214,0.040586764744934736
2023-08-19,37264.80426986797,37281.57798302153,37179.66728458341,37276.117075119546,37276.117075119546,14815.125980221354,-0.025575265579919515,-0.025907998091618024,0.03520471036456348
2023-08-20,35382.705697421974,35699.280925581195,35265.094849301095,35512.627333766555,35512.627333766555,33230.74334457687,-0.04730883685656351,-0.04846449590449027,0.038032354203455375
2023-08-21,36540.210423930956,36605.588199875245,36343.100536759084,36516.93174963694,36516.93174963694,47150.536848219694,0.02828020597945069,0.027887703801425707,0.03948679205470092
2023-08-22,38046.56452774649,38299.201468253465,37944.78275799473,38122.24092544808,38122.24092544808,29869.73712023938,0.04396068067320846,0.04302182656079553,0.03369698336076635
2023-08-23,39012.68707472759,39266.26845721013,39079.02202438973,39231.679245225445,39231.679245225445,43717.81929824789,0.02910212759913522,0.02868670129449829,0.0344282672573886
2023-08-24,40004.91274420134,40227.795218178435,39877.86595506045,39885.45352214997,39885.45352214997,27835.464794392312,0.01666444795385824,0.01652711960836195,0.03491741603715652
2023-08-25,39035.263286157686,39213.80493275975,38802.75890561126,38939.42470417348,38939.42470417348,38343.341830713005,-0.023718642623710484,-0.02400445811229029,0.03475219827990279
2023-08-26,36945.477087174266,37263.023269064506,36898.44822557329,36940.31098948916,36940.31098948916,39274.90949146003,-0.05133906650834663,-0.052703832421746304,0.03935021058511566
2023-08-27,35952.560835041484,36223.88743171963,35715.05775666771,35929.65336622091,35929.65336622091,16958.548236133545,-0.027359207223670023,-0.027740439905224762,0.03598385179749766
2023-08-28,36267.15090885447,36201.583843013286,35686.94460865904,36159.71910758291,36159.71910758291,24448.64235903247,0.006403227412661083,0.0063828138474711785,0.034252335189332864
2023-08-29,37839.104391187684,37950.48497324186,37659.47321898288,37816.670425509874,37816.670425509874,35492.086261520955,0.04582312470396066,0.044804254502910576,0.03466362589084885
2023-08-30,39838.330163547886,39955.90934555097,39471.719487441,39747.928408071755,39747.928408071755,12827.864327374647,0.05106895876425743,0.049807702267865496,0.03857749334557329
2023-08-31,40933.91113584996,41084.782463884716,40902.89563681637,40963.65935593734,40963.65935593734,24461.607510518264,0.030586020367761035,0.030127592263186554,0.039769488583097534
2023-09-01,39430.39131461808,39664.394883470064,39154.880439735454,39299.19294076068,39299.19294076068,31391.978651247697,-0.04063275696914548,-0.04148133367941406,0.04220842276763385
2023-09-02,38698.78292457716,38802.28952625175,38620.53107721494,38666.70435198389,38666.70435198389,49848.979721785545,-0.01609418772874538,-0.01622510574779196,0.036488926327043994
2023-09-03,36664.50698081997,36742.68406808852,36354.44965379518,36645.10178645938,36645.10178645938,28981.342504897628,-0.05228277401461001,-0.053699106048420306,0.04131074220793869
2023-09-04,36864.92566986328,37423.393421387584,36724.21061878983,36991.931778734484,36991.931778734484,42642.27028457294,0.009464566213956083,0.009420057821842492,0.041362116293703365
2023-09-05,38914.978612708226,39007.42601187872,38747.69930267173,38886.283027278056,38886.283027278056,27282.69140266471,0.05120984921454075,0.04994173820064427,0.04230938040894572
2023-09-06,40543.77611469754,40775.39068084885,40505.7994422952,40626.97160644698,40626.97160644698,41855.628904788355,0.04476356297535222,0.04379060429115263,0.04121202719246329
2023-09-07,40674.51611367673,40798.20290241088,40394.468805088116,40738.344386329576,40738.344386329576,33816.59206480434,0.0027413507696674166,0.002737600120645682,0.039511078644741675
2023-09-08,39507.18703255614,39849.07285326751,39190.221524754124,39588.72459538775,39588.72459538775,45463.817660095934,-0.028219600188946314,-0.02862542616716364,0.03762315251574774
2023-09-09,37536.59535876344,37955.52109129874,37489.887534396694,37643.21885195337,37643.21885195337,26437.702094004395,-0.04914292550008148,-0.05039151742651815,0.04203639855953307
2023-09-10,36515.45494801973,36309.37863753119,36193.06638053632,36302.97780771804,36302.97780771804,34172.17679285916,-0.035603784296617924,-0.0362530566735063,0.03915577238065987
2023-09-11,37283.63530222023,37301.184970090624,36978.58381862543,37150.50139602139,37150.50139602139,35200.7472247531,0.023345842117755033,0.023077496424127694,0.04009562698710979
2023-09-12,39121.23853451973,39021.196212893126,38851.7756543474,38929.2017843053,38929.2017843053,26695.317672018933,0.04787823371004096,0.04676738994038532,0.03941848874880557
2023-09-13,40060.6501300208,40318.48270592678,40173.85738838991,40182.939631976355,40182.939631976355,15772.48174749926,0.03220558835543619,0.0316978607417016,0.03731504248544718
2023-09-14,41062.58748447693,41458.13955899116,41050.38442537736,41055.46210948584,41055.46210948584,13742.376276493422,0.021713754282306263,0.02148136867820066,0.038305482490105805
2023-09-15,40034.20244164048,40190.86027037744,39779.61857292136,40163.55320416089,40163.55320416089,10666.862023985324,-0.02172448827750184,-0.021963939292234058,0.0375296398986846
2023-09-16,38801.409499755784,38944.04329773792,38868.21143825664,38870.97898747549,38870.97898747549,44941.37056980858,-0.032182765556496795,-0.032712016924994945,0.0340097362705092
2023-09-17,38048.422044332365,38177.170803847,38002.28918786119,38140.23474267402,38140.23474267402,19458.996489547782,-0.01879922409561441,-0.018978175827237372,0.03112964983742391
2023-09-18,38272.41817764998,38417.885034911764,38049.83521252587,38148.459777005824,38148.459777005824,18460.26997127072,0.00021565243075438723,0.00021562918111144337,0.030384907115665386
2023-09-19,39428.93893439853,39662.88470991083,39179.83550151494,39468.561902208705,39468.561902208705,39441.41601704262,0.03460433613622804,0.03401906970185471,0.0274789812977421
2023-09-20,41549.23928344114,41682.48413166062,41191.09997121588,41442.401350071734,41442.401350071734,22800.64452349567,0.05001042228884889,0.04880009010954959,0.031271821171719956
2023-09-21,42230.72111154021,42301.68787837564,42007.66798523176,42170.30902258136,42170.30902258136,30241.787696473464,0.01756432177664724,0.01741185184190156,0.030936051593431713
2023-09-22,41344.66343504654,41323.68175637245,41058.5069737697,41114.29955983606,41114.29955983606,16500.442611898252,-0.025041539586058703,-0.025360413595545993,0.03142166351584514
2023-09-23,39326.0135530715,39581.28852589093,39418.0059416863,39473.95797538547,39473.95797538547,48389.828858478766,-0.039897106408520955,-0.04071481943925197,0.0329888805780238
2023-09-24,39193.155081495155,39304.37258844908,38909.15737830613,39067.23175751648,39067.23175751648,44063.25600068949,-0.010303659392924658,-0.010357109563264416,0.032214788219769384
2023-09-25,39308.8126899315,39337.959265024445,39126.15834397766,39194.168602891434,39194.168602891434,44551.58491860013,0.003249189657532625,0.0032439224471769793,0.032177678342770875
2023-09-26,40970.57205497514,41267.11947593901,40953.78733933394,41067.90993877785,41067.90993877785,26270.94994288021,0.04780663559599496,0.046699060856063054,0.03454868083948729
2023-09-27,42667.71959150952,42718.3652755761,42373.36932575564,42567.00625786221,42567.00625786221,40494.44854828691,0.036502863703537614,0.03585241574905817,0.031975168396668294
2023-09-28,42914.50269234412,43165.25032938986,42814.62651940483,42880.888196041495,42880.888196041495,15755.046215591206,0.0073738316544473825,0.0073467778697797964,0.031497356835736165
2023-09-29,42361.970330276585,42684.984686663025,42262.270609370375,42384.717956271925,42384.717956271925,10344.760103671211,-0.011570894648944674,-0.01163835836572733,0.029881996768512838
2023-09-30,41016.02730596376,41162.95682242938,40881.3907493494,41098.42085466096,41098.42085466096,10798.917303121125,-0.03034813403590486,-0.03081817297305415,0.02763854301775815
2023-10-01,40387.706061753124,40509.78361018905,40294.534900902254,40459.61700689804,40459.61700689804,33464.06949618242,-0.015543269898908307,-0.0156653330104397,0.028221676774360754
2023-10-02,41740.06015984663,41800.71777863785,40945.2600652063,41535.07895026804,41535.07895026804,28215.796209917633,0.026581120211460307,0.026233980376340116,0.02928942377226445
2023-10-03,43145.84179828155,43257.01951826593,42896.83760023845,43145.7735163858,43145.7735163858,30720.61395634079,0.03877913818452883,0.038046117994602426,0.027418828856467743
2023-10-04,45165.15564748782,45178.120201751,44816.72777409307,45086.942647334676,45086.942647334676,10298.525616688776,0.04499094517824931,0.04400822047803702,0.02905920536983503
2023-10-05,45275.44187066406,45787.53227781103,45090.0402174821,45354.53180883081,45354.53180883081,26907.464786297027,0.005934959120852179,0.005917416626075125,0.029074483317251723
2023-10-06,44393.07102468962,44599.75996538781,44374.683106968085,44471.056319311785,44471.056319311785,38722.72644803443,-0.019479321123694437,-0.019671543434212888,0.030115036588073105
2023-10-07,42815.17799694806,42892.54754163932,42597.52655654748,42706.97951602307,42706.97951602307,27707.748078697434,-0.03966797619157636,-0.040476196181618164,0.03219006423959697
2023-10-08,41574.96121160099,41721.32145773556,41600.14206569267,41709.91883275614,41709.91883275614,39288.768252488895,-0.023346551185921438,-0.023623399368176475,0.033178076689496336
2023-10-09,42388.69850847696,42483.93834104014,42379.22872655675,42430.21988526749,42430.21988526749,19320.75857587339,0.017269298830322244,0.01712187929043151,0.03233651022973281
2023-10-10,43624.70493005927,43926.995874234555,43596.21133695146,43621.302188952046,43621.302188952046,42525.680179269024,0.02807155623763613,0.027684771845556795,0.030595763780337223
2023-10-11,46278.82573228019,46369.25562335411,46202.11256726431,46267.68847209618,46267.68847209618,33537.24961813809,0.06066729213357558,0.05889823093955755,0.03458358149183853
2023-10-12,46169.49299263762,46295.061536949164,46170.22371988057,46187.402321139234,46187.402321139234,18430.52397719625,-0.001735253123902436,-0.0017367604195498091,0.03464117288621613
2023-10-13,44574.331327091735,44749.2508164441,44090.88927443264,44534.74934898214,44534.74934898214,19468.81903415332,-0.03578146613802302,-0.03643731518542305,0.036888142382605175
2023-10-14,43484.085085209095,43487.790055535894,43368.83958351228,43414.799509627315,43414.799509627315,35121.21858278148,-0.025147774619291186,-0.025469383183323493,0.034569812048408775
2023-10-15,42838.53594539137,42932.91412431324,42594.79090399337,42765.072190845436,42765.072190845436,43197.58372849773,-0.01496557225002959,-0.015078686390429343,0.03364377000441419
2023-10-16,43401.27425829761,43708.816477968605,43464.812355382695,43499.8546391644,43499.8546391644,26625.111281166206,0.01718183579908117,0.017035897346892825,0.03363805984162475
2023-10-17,45385.804529305045,45807.49135697313,44817.168238577244,45414.22003909793,45414.22003909793,20332.017165103687,0.044008547058682845,0.04306767626475382,0.03599247878840242
2023-10-18,47127.76558416347,47419.53072396384,46934.792964880915,47008.289297975774,47008.289297975774,44680.46427642402,0.03510066356981323,0.03449868147567732,0.030424716287528294
2023-10-19,47071.849370783166,47203.02632517012,46919.6787147913,46982.38465202578,46982.38465202578,36770.7316700334,-0.0005510654894457234,-0.0005512173818368857,0.03039944808914071
2023-10-20,45837.442320211274,46018.97899007653,45790.36796496393,45974.72826535938,45974.72826535938,27923.41949132306,-0.02144753601013638,-0.021680876833344326,0.027730297584289722
2023-10-21,43972.29012353367,43992.50479347623,43840.604556056605,43937.14213349845,43937.14213349845,29516.007811172072,-0.0443196992943663,-0.045331835347226256,0.031833826986166956
2023-10-22,43181.32080950657,43440.62467400587,43295.12443635368,43379.14333444405,43379.14333444405,18170.258717455858,-0.012699933859124823,-0.012781267373065973,0.03164181670395992
2023-10-23,43733.03067369187,43891.48462599369,43606.9670648427,43728.33718348583,43728.33718348583,35072.10520259375,0.00804980970577418,0.00801758281897508,0.03111796182460276
2023-10-24,45105.55793206555,45087.8759280629,44504.47251742504,44915.78123039095,44915.78123039095,24349.700421715548,0.02715502402761305,0.026792867975120604,0.027716515375004067
2023-10-25,46260.49168313888,46471.896442579564,46129.103267800594,46355.280954865775,46355.280954865775,49825.80706697397,0.032048863117643656,0.031546013920703504,0.027065897617559547
2023-10-26,46901.03691724738,47017.893564553815,46889.742806434246,46984.469221796535,46984.469221796535,29207.340610475512,0.013573173411318029,0.013481883032198421,0.027683571664710926
2023-10-27,45733.4512577887,45713.564269729075,45471.77205363511,45657.04827963142,45657.04827963142,29435.424247584528,-0.02825233452992404,-0.028659111650348144,0.02867766611569708
2023-10-28,43392.65265422216,43596.671030979836,43435.83027647468,43546.93280574313,43546.93280574313,32634.071496426874,-0.04621664241114898,-0.04731872180363218,0.02916410541101469
2023-10-29,42559.94224273739,42944.68686092988,42439.48044342867,42623.21774572589,42623.21774572589,46670.24012474987,-0.02121194308076313,-0.021440149246095948,0.02990583555668037
2023-10-30,43228.0676848313,43266.61856140077,43084.95020835211,43168.42357107312,43168.42357107312,42032.723994390006,0.01279128733545476,0.012710169818891365,0.030226596559268334
2023-10-31,44451.71604392002,44662.12018589892,44456.12664584138,44515.14462868896,44515.14462868896,28045.202791913656,0.031196901489779494,0.030720167876669462,0.0308951953311424
2023-11-01,45856.221122459996,46012.39437491458,45684.65477731216,45879.818121181095,45879.818121181095,38747.97063891184,0.030656386806674263,0.030195868016388256,0.030651456641420567
2023-11-02,46492.98420068432,46653.26040114988,46234.874740864325,46418.56562965281,46418.56562965281,33449.41995123046,0.01174258160851327,0.011674172509263088,0.030513237001570364
2023-11-03,44691.119401494616,44685.1691048817,44399.82131785168,44648.964793140956,44648.964793140956,29694.681948049958,-0.03812269535923374,-0.03886837840406257,0.03214903887161941
2023-11-04,42272.90946947725,42505.594019438875,42235.24080764774,42246.22762984771,42246.22762984771,17692.63091137402,-0.053813950097726826,-0.0553160591803155,0.03393985617786153
2023-11-05,40807.53462553127,40921.3844438088,40699.530882508436,40841.44685345827,40841.44685345827,28557.450538195637,-0.03325221813170687,-0.033817642918574954,0.035247873062873004
2023-11-06,41194.451928922084,41287.71719615355,40905.74483526012,41157.445817395186,41157.445817395186,19832.743480902987,0.007737212765031032,0.007707434038608615,0.034859343979440016
2023-11-07,42900.718977485485,43018.81558184542,42869.68883541059,42913.09224549546,42913.09224549546,46593.68599406619,0.04265683628400119,0.04177210585414284,0.037108481266698266
2023-11-08,45296.743560264236,45368.235803022675,45189.2664415805,45250.96299927166,45250.96299927166,23416.272539853875,0.054479195775540834,0.05304699174780169,0.041692990436012045
2023-11-09,46052.82214815383,46350.17196495236,45617.17205339652,46102.51535066563,46102.51535066563,48090.56058133489,0.01881843600560895,0.018643559763922436,0.042143123923352906
2023-11-10,44958.73052248268,44981.241735267846,44890.39545484849,44976.98741992063,44976.98741992063,31322.211603788448,-0.024413590498999715,-0.024716543138179486,0.04036904063665203
2023-11-11,43169.47826060912,43330.24064238411,42992.95053971347,43268.47403986432,43268.47403986432,35261.77514704641,-0.037986389886566774,-0.038726680689447145,0.03704494926511013
2023-11-12,41718.14993078161,42062.09368070928,41608.695890948045,41721.65069178223,41721.65069178223,31717.61777957311,-0.03574943148346199,-0.03640409229943077,0.03747309356120589
2023-11-13,42054.01657721605,42183.26729947665,41930.84000449305,42135.116663578934,42135.116663578934,15175.224678668035,0.009910105782994227,0.009861322716808198,0.037521572389041705
2023-11-14,43479.57534440397,44111.31661225625,43173.291434846185,43590.97998942017,43590.97998942017,25032.84876031764,0.03455225572211762,0.03396872995055088,0.03623133237795198
2023-11-15,45378.398029676144,45465.63384401691,45035.335252443016,45352.531914890606,45352.531914890606,13965.844491104957,0.04041092735006124,0.039615757564943545,0.03314580930770939
2023-11-16,45382.91296049311,45713.791534738506,44985.654105879534,45361.638982907345,45361.638982907345,34918.161767335274,0.0002008061652176707,0.000200786006358313,0.032191457453205716
2023-11-17,44654.04094775957,44726.42189848561,44201.56053919035,44575.75357426471,44575.75357426471,27874.967808017558,-0.017324890067106358,-0.017476722180279278,0.031467367988974135
2023-11-18,43600.00519770361,43719.349431637675,43565.19491918694,43643.11775466112,43643.11775466112,41119.39886283747,-0.02092249137302382,-0.02114446836285064,0.0286459619112183
2023-11-19,42583.98429935306,42801.129565485935,42369.52046829412,42543.17901466939,42543.17901466939,18818.819239974793,-0.025203028486072254,-0.02552606401276078,0.026556384577307232
2023-11-20,43221.83717273908,43301.3936857657,43059.83159828722,43166.75741551171,43166.75741551171,16582.642337173398,0.014657541238921157,0.014551157768142498,0.026818937243297487
2023-11-21,45156.49943745172,45139.713253465314,44584.872508865184,45112.02205666856,45112.02205666856,26253.289238550715,0.04506395100359861,0.04407808067693645,0.029032875294960746
2023-11-22,46429.039097746914,46756.464113285,46510.9293647077,46511.60446602713,46511.60446602713,47063.415328735246,0.03102459933186874,0.03055306443192015,0.027304628019530642
2023-11-23,47061.30959495229,47088.17789818237,46980.809012156555,47046.37324672517,47046.37324672517,38416.87260049647,0.011497534579540059,0.01143194023222312,0.027381349204466342
2023-11-24,46043.52481095826,46177.21487219465,45822.256753445225,46007.11078135279,46007.11078135279,26756.944991716748,-0.022090171752925047,-0.02233781335438049,0.028094563251611117
2023-11-25,44357.66140121313,44473.04824448328,44154.16436406383,44356.94355452234,44356.94355452234,30690.886790172422,-0.035867656081965626,-0.03652670757245505,0.030816547548570328
2023-11-26,42716.23223099424,43042.59567771547,42907.742564550674,42924.87999683135,42924.87999683135,13368.520447083934,-0.03228499177204891,-0.032817648041225875,0.031980549299475095
2023-11-27,43375.90658615102,43693.83852462395,43174.772698541754,43359.85762375367,43359.85762375367,49383.03585504452,0.010133461688289769,0.010082462408845007,0.03172003836857417
2023-11-28,45430.30251861749,45287.98372064237,45157.97266354291,45209.04941467777,45209.04941467777,36656.29218779676,0.042647552189172044,0.041763201547528876,0.031169822001471482
2023-11-29,47498.809937000915,47773.990476283645,47355.744599404,47534.81386387661,47534.81386387661,21416.1627385369,0.05144466604165632,0.050165090944890176,0.03517641913469072
2023-11-30,48364.36410692662,48526.092350356186,48355.551648880115,48437.17181671216,48437.17181671216,33432.33576860977,0.018983096376891107,0.018805165660300386,0.03556671404082451
2023-12-01,48505.53923567583,48707.53067703382,48269.04130074665,48468.20437970469,48468.20437970469,14379.29464275976,0.0006406766090714111,0.0006404714634293719,0.03370081667034687
2023-12-02,46416.76314320245,46507.481903019674,46255.29807379106,46385.525322155794,46385.525322155794,48633.46675230334,-0.042970006506388936,-0.043920546856658874,0.03530868430721638
2023-12-03,45895.40049129448,45802.93040808743,45604.43675142151,45776.12697475284,45776.12697475284,16991.399515334637,-0.013137683429702895,-0.013224746168514781,0.03238384174937476
2023-12-04,46164.733701823956,46293.458156360684,46243.59640342336,46290.52051741484,46290.52051741484,35921.21272220857,0.01123715737125841,0.011174489553440628,0.03238911875040753
2023-12-05,49058.75265458264,49142.59429194159,48977.96703033314,48985.614629325144,48985.614629325144,19818.178501557217,0.058221296321271376,0.05658947632911482,0.03541244918490518
2023-12-06,50240.70033807401,50311.31421871764,49891.93984902216,50181.65813194887,50181.65813194887,38702.45530594143,0.0244162191629973,0.024122908059555786,0.031679133510627636
2023-12-07,50170.30509695731,50208.70938037292,50124.58442105001,50184.519750651365,50184.519750651365,41072.85468961124,5.702519225203595e-05,5.70235663775705e-05,0.031411826336280944
2023-12-08,48873.13349395833,48923.17125094756,48829.22383875781,48839.26476216616,48839.26476216616,36936.78915645731,-0.026806174397389637,-0.027172012520957165,0.03374511674190473
2023-12-09,46181.257372066124,46255.810059466705,45554.15300570029,46078.31162390629,46078.31162390629,34579.9784102077,-0.0565314230610342,-0.05819221950931901,0.03696438670562215
2023-12-10,44857.10698530554,44857.367107367376,44547.48204214786,44769.87544730269,44769.87544730269,45698.763758080466,-0.028395922734390178,-0.028806885418287142,0.03827004299218889
2023-12-11,44698.72972511131,44957.50792788424,44520.196208568195,44813.031656318686,44813.031656318686,13145.068439590323,0.0009639564234837916,0.0009634921158481991,0.03784816989336306
2023-12-12,46570.43701353373,46562.987825276534,46289.04944016502,46488.42119485818,46488.42119485818,23236.590631207808,0.03738621281837018,0.036704292716108054,0.03259287164217009
2023-12-13,48253.02296754482,48604.88459829475,48203.36454715004,48259.49182804807,48259.49182804807,19931.49918523384,0.03809702690840755,0.03738925523878515,0.03510328935072685
2023-12-14,49627.58719725048,49700.227024571854,49268.575690609905,49620.29978744893,49620.29978744893,49520.55848261686,0.028197726661721045,0.02780748964841708,0.03732442511275073
2023-12-15,49057.27273987896,49094.88998592917,48975.53194625742,49049.95304077879,49049.95304077879,25575.591186674937,-0.011494222104929785,-0.01156079127466823,0.03598550685726938
2023-12-16,47047.47163796279,47249.01410321724,46984.664097709036,47062.49593684262,47062.49593684262,39304.50796961595,-0.04051904193025124,-0.041362809411614104,0.03199344091353741
2023-12-17,45686.9006851159,45851.4030819918,45557.105804801686,45567.729935405194,45567.729935405194,37389.00655524018,-0.03176129892140411,-0.03227663008103286,0.03257201973801811
2023-12-18,46228.04026496641,46588.57382334749,45991.69828446761,46236.412060951334,46236.412060951334,18483.24949909511,0.014674466480863346,0.014567838372280408,0.03284159034572588
2023-12-19,47064.533489903995,47481.61936565633,46957.19425598013,47176.48810274231,47176.48810274231,19559.907208462053,0.020331941858977354,0.020128007549359044,0.030588750624160832
2023-12-20,49653.0571453739,49944.926951656314,49567.274673471635,49692.41013097088,49692.41013097088,21251.382542121362,0.05332999825568452,0.05195657271274085,0.03390502804642301
2023-12-21,50722.72220280547,50815.224360302906,50441.00329220467,50704.85273112442,50704.85273112442,26445.091130375167,0.02037418989107409,0.020169412856517643,0.033120448790193026
2023-12-22,49547.627717738535,49936.34609644248,49384.110111829694,49424.70623930883,49424.70623930883,19373.002626021073,-0.02524702119940858,-0.025571195160425598,0.03453993512621465
2023-12-23,46929.443167153295,46981.98321838989,46709.12598577888,46869.133698658414,46869.133698658414,10786.059309873912,-0.05170637794540689,-0.05309109677721219,0.036985731168411
2023-12-24,46415.45769210322,46537.42148061733,46487.80630505485,46500.511219977925,46500.511219977925,45175.72227228782,-0.007864930490299238,-0.007896022186089313,0.03459092909627234
2023-12-25,47114.482828812375,47174.385827658065,46618.476210207664,46865.96383714449,46865.96383714449,48624.393255235365,0.007859109665219188,0.007828387722617914,0.034315954503968515
2023-12-26,49111.54216953031,49486.28321606433,48993.60430741515,49085.06463843251,49085.06463843251,23662.815481262718,0.04734994481281163,0.04626311177742462,0.03798691009216698
2023-12-27,50015.582528136634,50300.34416966401,49879.478778074415,49888.04345433673,49888.04345433673,23540.275177018913,0.016358923469268705,0.01622655790190632,0.03253734708849098
2023-12-28,49995.90703929505,50252.7517287714,49999.473935691094,50011.078482652774,50011.078482652774,10283.67251097484,0.0024662227619460797,0.0024631866254250677,0.03144753387802701
2023-12-29,49021.4775912192,49172.95417191095,48798.4554903076,48968.141666748656,48968.141666748656,37210.02753321496,-0.020854115678906604,-0.02107463394621438,0.03093526820083498
2023-12-30,47376.573537977994,47411.1320773664,46843.24882072923,47292.62668752616,47292.62668752616,43017.59582994515,-0.03421642974783834,-0.03481551722998855,0.026543666736069355
2023-12-31,46143.854757198606,46177.707501256504,45900.69522707012,46022.03528602318,46022.03528602318,15864.332014400126,-0.026866585565189283,-0.027234089613212095,0.028565797748594884
2024-01-01,46861.91962252762,46866.4199352555,46713.9260535339,46756.18279198979,46756.18279198979,16386.65397468603,0.015952086894982953,0.01582618947635976,0.02914804009290103
2024-01-02,47909.78492260718,47986.20499928434,47582.5494313145,47822.56522259988,47822.56522259988,41603.32999885751,0.022807303054533712,0.022551104666084367,0.0234203940272901
2024-01-03,49320.0594522712,49352.243016872795,49253.187635889364,49351.56812539061,49351.56812539061,34651.62993416579,0.031972415023612255,0.031471937073845414,0.026202802255817382
2024-01-04,49777.26387684382,49868.475405544414,49459.12793983105,49834.438481039426,49834.438481039426,11794.422305108681,0.009784296102242518,0.00973673982862769,0.02651978215033776
2024-01-05,49079.35998333797,49136.744842171,48922.15694311232,49046.09923230555,49046.09923230555,34901.879618491264,-0.015819165877304253,-0.015945624299416504,0.025928001727254308
2024-01-06,47796.21420247923,47842.178884736466,47575.828917479994,47702.90139524512,47702.90139524512,22356.70891375064,-0.02738643557968612,-0.027768434553757115,0.024491849027770796
2024-01-07,46072.74961348525,46286.08272527701,45857.08835174484,46095.02168356291,46095.02168356291,24749.006218833838,-0.03370611985128602,-0.03428726727984998,0.025907268489792076
2024-01-08,45857.204334559356,45768.368515246286,45625.81806004527,45750.687137987916,45750.687137987916,40789.25673187521,-0.007470102692191172,-0.00749814364243782,0.02508054407125147
2024-01-09,48134.979868787166,48285.2242104496,47952.81312270738,47989.71819423855,47989.71819423855,42437.40770690443,0.04893983448811445,0.04777997265786714,0.03082084374518984
2024-01-10,49664.43575362233,49984.405668356376,49635.11891262203,49756.06784552967,49756.06784552967,26014.265073593226,0.03680683525045536,0.03614563923539893,0.0316754193873132
2024-01-11,49720.85504666474,49843.27900890032,49363.43390562456,49804.54711704437,49804.54711704437,47886.11744025419,0.000974338881947201,0.0009738645219187053,0.031470054512407766
2024-01-12,49520.52693315176,49677.92890316286,49355.15119966487,49534.5644390423,49534.5644390423,26258.50871808289,-0.005420843951609355,-0.005435590041160058,0.03081917553783007
2024-01-13,47924.15774690277,48266.703803498465,47638.42147182811,47893.39648008385,47893.39648008385,40873.441409204395,-0.03313177328889372,-0.03369306302015198,0.031787891853074235
2024-01-14,47385.02970497583,47454.02254352108,47307.18200808464,47437.48640635254,47437.48640635254,29355.090582570363,-0.009519267941685894,-0.009564865775480429,0.028534899097337717
2024-01-15,48029.188454737196,47918.31768852713,47666.43105276552,47893.96818685048,47893.96818685048,45901.29306088336,0.009622807089475272,0.009576802772987697,0.028072026206813438
2024-01-16,50566.94148074471,50827.22474324129,50484.23648780336,50524.534794592866,50524.534794592866,46310.44974600714,0.05492479966328245,0.05346948444747753,0.029614738768938845
2024-01-17,53006.34256593984,53128.560198026724,53001.09359806987,53002.397861115765,53002.397861115765,13496.672314843354,0.049042768559802274,0.04787809937409526,0.0318893325230134
2024-01-18,53157.04737428229,53505.47569153498,53180.87944875676,53300.63832666914,53300.63832666914,47459.73325240903,0.005626924018321988,0.005611152018935882,0.03173013331477759
2024-01-19,52609.2835547404,53111.68364964999,52607.19703863953,52740.86513638315,52740.86513638315,43021.393660816626,-0.010502185487071491,-0.01055772262014828,0.03220072383371305
2024-01-20,51392.64876009893,51608.75457417582,51217.71307531505,51364.54783507075,51364.54783507075,41652.42857250667,-0.026095842336931185,-0.026442380937876882,0.030726535421551675
2024-01-21,50790.0453854582,51119.72448876741,50986.905836790975,51003.30494807369,51003.30494807369,18036.453587420896,-0.007032922555008092,-0.007057770124061986,0.030470622953955764
2024-01-22,51044.82949854087,50988.86257734643,50852.10967665342,50943.56575757646,50943.56575757646,42204.7683501866,-0.0011712807740212883,-0.0011719672594442236,0.030811232368211185
2024-01-23,52870.96874843982,53078.67198022175,52595.619668447696,52886.78413287705,52886.78413287705,44005.309387401474,0.038144530057980575,0.03743501402771019,0.02709451373909343
2024-01-24,55340.49831856264,55090.63037681738,54875.28771363822,55016.18902160317,55016.18902160317,21566.01337816604,0.04026345945663912,0.03947400747218119,0.024933412004168206
2024-01-25,54790.33344324614,54777.29154212537,54401.730480709426,54559.54181818453,54559.54181818453,48090.403134492946,-0.008300233286593572,-0.008334872029163241,0.02548099496891763
2024-01-26,52904.20898916368,53299.271157275354,52905.58857050256,52922.35389608843,52922.35389608843,11994.40585596657,-0.03000736200373344,-0.03046679720808098,0.02820315461513675
2024-01-27,50193.09883085028,50512.38123675784,49921.64070206271,50203.73253110341,50203.73253110341,15996.370129885587,-0.05137000085678278,-0.052736441388464894,0.033369203025910774
2024-01-28,49123.02859951814,49121.240332475194,48941.517888926035,49023.470448117936,49023.470448117936,31503.245522060573,-0.023509448869249883,-0.023790204973611357,0.03428750423013428
2024-01-29,49975.28137680061,50028.88760246661,49632.746533774094,49804.964115808805,49804.964115808805,33031.69884489239,0.015941214698741657,0.015815487933879283,0.035214782870564364
2024-01-30,51992.53238141451,52184.51253654035,51875.66129313307,52156.33528715811,52156.33528715811,35806.00333203614,0.04721158248165347,0.046130995981773455,0.037084297004126694
2024-01-31,53614.93777613393,54147.26319578197,53653.99466816159,53793.5753226694,53793.5753226694,10678.765172618658,0.031391009864805586,0.03090838615772363,0.035542709671774884
2024-02-01,54968.40215469252,55095.239178084914,54941.99683102226,55030.60563524796,55030.60563524796,48414.67098488521,0.022995874603212174,0.022735454315426888,0.036666069267447844
2024-02-02,53353.26999869468,53324.51675763703,53199.09764689745,53294.996240377295,53294.996240377295,11783.52370936576,-0.03153898407687117,-0.03204704896057544,0.036891443017009556
2024-02-03,50793.98710364551,50837.5070449684,50684.984635566594,50744.29974459475,50744.29974459475,15722.478108936095,-0.047859962017411495,-0.04904315628752136,0.036066275068864735
2024-02-04,49777.944374881605,49989.907842836576,49578.3302703297,49670.96722938322,49670.96722938322,10560.58070104228,-0.021151784941634943,-0.021378689270095043,0.0357973719227294
2024-02-05,50165.75274080919,50388.442514959665,50246.264040519476,50285.72249364572,50285.72249364572,32674.33733176379,0.012376551103253641,0.01230058772882738,0.035597882138413646
2024-02-06,51637.95337860306,51976.10793283233,51807.30603021137,51869.56776489995,51869.56776489995,47290.67535683889,0.031496917866783436,0.031011065513831315,0.03263784277063356
2024-02-07,52521.84077971172,52670.02272732356,52096.04788526623,52436.0393601815,52436.0393601815,36637.88664321857,0.010921077997971818,0.010861873685570081,0.030144076273084044
2024-02-08,52731.382252921445,53388.654322874296,52599.89324977099,52814.20188021797,52814.20188021797,42906.29873921709,0.007211881840252676,0.0071860005809717365,0.028392956635029925
2024-02-09,50914.559677763405,51121.9114452124,51078.28134594927,51116.40846420227,51116.40846420227,10531.248138343204,-0.03214653172012849,-0.032674578907958725,0.02848657127792304
2024-02-10,49766.74583710837,50106.68978184638,49563.97734635893,49752.23946251243,49752.23946251243,31680.611939189042,-0.02668749708120033,-0.027050073727748605,0.024025529096781992
2024-02-11,48969.29748861944,49222.231762707146,48683.475139092065,48889.97991979757,48889.97991979757,28382.519100220874,-0.01733106995846001,-0.017483011044954345,0.02357210833531781
2024-02-12,48830.55685321461,48934.18181774399,48763.17715643738,48842.76256642674,48842.76256642674,29958.71776883172,-0.0009657879477203979,-0.0009662546213964486,0.02273841870591044
2024-02-13,50140.23691444151,50306.46416513212,49824.16048311314,50186.021753059766,50186.021753059766,12888.527413407519,0.027501703754085893,0.027130325541706003,0.021728742937929445
2024-02-14,51240.67141420209,51350.36248863168,51212.9984583382,51256.60763741668,51256.60763741668,37377.4144427723,0.021332352056609105,0.021108002429691155,0.023262395270888272
2024-02-15,51610.9323523329,51847.66771641064,51478.46384284917,51647.99062857298,51647.99062857298,30128.81659434538,0.007635756816465555,0.007606751981061472,0.02329397495622965
2024-02-16,50945.19841186635,51140.361503024265,50949.58534534176,51080.00312306037,51080.00312306037,40605.95399445056,-0.010997281764498767,-0.011058198894545518,0.02001726392241943
2024-02-17,48816.66675608868,49041.35087946466,48670.208216319246,48888.134823787725,48888.134823787725,29411.625362468614,-0.04291049657910284,-0.04385836690665972,0.024145041422404492
2024-02-18,48146.72740628473,48339.98606056021,47937.64703415781,48094.59941578335,48094.59941578335,15975.265449057282,-0.016231656430841457,-0.01636483284835046,0.024033895360331552
2024-02-19,48284.36100052758,48272.223961685915,48178.09152667192,48252.193146389924,48252.193146389924,35930.27816311288,0.0032767448428909773,0.0032713880132943145,0.02412033068697557
2024-02-20,49472.7553561569,49496.68412559561,49174.83597172449,49455.949375560216,49455.949375560216,16895.45448420665,0.024947181685986308,0.024641081200199838,0.023622879700210753
2024-02-21,50903.1119926989,51178.22335823555,50999.503174094316,51002.62684088424,51002.62684088424,44895.7825341926,0.031273840353944315,0.030794776318515023,0.025475097680322866
2024-02-22,50889.577903253885,51073.10429027542,50727.27278471012,50907.72821946745,50907.72821946745,34524.64956276966,-0.0018606614461810222,-0.0018623946269317614,0.025225654690189354
2024-02-23,49367.6383963864,49630.64067941099,49403.7936650013,49585.34490103069,49585.34490103069,16288.155342278169,-0.02597608191699019,-0.026319419087711012,0.026727828208275493
2024-02-24,47305.24834501982,47360.873779994516,46983.543893902926,47287.40067863128,47287.40067863128,48493.522299248274,-0.04634321344312442,-0.04745143478290934,0.0275802082338466
2024-02-25,47367.090350107595,47406.921504572885,47122.04616162072,47224.20457932624,47224.20457932624,30734.618533412824,-0.0013364257370483967,-0.001337319550355876,0.027086878132668447
2024-02-26,47517.14568190073,47825.19468524101,47458.44277798013,47664.55889510494,47664.55889510494,12915.9380748662,0.009324758769393426,0.009281551596298314,0.027388752578143584
2024-02-27,48856.29601907826,49213.426500201946,48783.32187563961,48914.88878641004,48914.88878641004,35073.31617660269,0.026231856966445255,0.025893702667393374,0.0275984147873211
2024-02-28,50654.98206494947,50676.29610728697,50451.166341665135,50622.07138707846,50622.07138707846,20127.956280512408,0.034901083147156786,0.034305850311557376,0.028334871493391103
2024-02-29,51113.91416546874,50992.903360895674,50770.24312194693,50988.62990202599,50988.62990202599,42147.7380750921,0.007241080913988451,0.007214990162041823,0.02848239635375395
2024-03-01,49787.76397486621,49982.02877232579,49654.53693632892,49832.586436496225,49832.586436496225,42712.88294264763,-0.02267257362574926,-0.022933548617374514,0.027992246164783026
2024-03-02,48371.43947748638,48925.51256246756,48406.29664245427,48440.66451041297,48440.66451041297,49157.894234186475,-0.02793196230857975,-0.028329479346499455,0.02326236484306832
2024-03-03,47576.96738543176,47950.668778945575,47663.20945567641,47773.85969967337,47773.85969967337,30074.781240980148,-0.013765393548560101,-0.013861015104632361,0.024165839272043372
2024-03-04,47941.67547859178,48078.700445079456,47696.212744535995,47931.33166566097,47931.33166566097,28198.275189109485,0.0032961951782319865,0.003290774635084812,0.023963885320073017
2024-03-05,49447.8227946543,49299.880702063565,49064.6012221846,49243.615190639925,49243.615190639925,40139.02421785922,0.027378407387731896,0.027010322076945762,0.024167796760788007
2024-03-06,50734.017833561964,50719.68013081047,50586.83634371482,50706.281987365495,50706.281987365495,15298.826253677064,0.029702668885358108,0.029270089582966227,0.0230121076601246
2024-03-07,49975.81604687221,50081.2317883314,49788.37434394574,49978.04394479058,49978.04394479058,31876.62055172497,-0.014361889967723696,-0.014466020115728577,0.023397128125471293
2024-03-08,48207.097979004815,48487.39891930542,48082.24848950829,48174.889747928115,48174.889747928115,31849.90400523404,-0.036078926955491974,-0.03674586215864361,0.025743012735297447
2024-03-09,47158.212405150545,47265.13214101466,46885.89404425336,47159.3216055454,47159.3216055454,13578.924912415489,-0.021080860749170482,-0.021306235112210165,0.02481897676714651
2024-03-10,46854.94535930681,47095.09973245719,46766.61195399949,46936.246796532825,46936.246796532825,26719.363420276542,-0.0047302378706470805,-0.004741460851368671,0.024431607631426013
2024-03-11,47316.77930811528,47485.30920118136,46987.946653593805,47234.45131654751,47234.45131654751,44131.39194268808,0.0063533950915886095,0.0063332973579706695,0.02457455492823783
2024-03-12,49145.49859568784,49181.63402980999,49012.46245584076,49122.922443376665,49122.922443376665,44246.144879786414,0.03998079948411659,0.039202250948352564,0.0273733525612793
2024-03-13,50880.50149114322,51150.05652687454,50753.61397922066,50878.74016594986,50878.74016594986,13969.50659678724,0.03574334822194469,0.035119379769808244,0.028537400361945284
2024-03-14,52743.36650724258,52934.1891064571,52701.54874628448,52840.9031099704,52840.9031099704,13628.835309913235,0.03856547818638223,0.03784041307957175,0.030765373334419834
2024-03-15,52485.48269311798,52362.260196384,52238.72658650756,52355.131899924505,52355.131899924505,20507.81908007741,-0.00919309060700435,-0.009235607841595193,0.025518908408118435
2024-03-16,50658.63810261255,50915.19419126034,50540.079375412526,50592.16782807924,50592.16782807924,44990.64250215974,-0.03367318556689203,-0.03425318476744647,0.028525510432858656
2024-03-17,49013.54685827894,49301.7868129071,48961.07057077712,49068.83894201567,49068.83894201567,15156.103402939958,-0.030109974556538188,-0.030572589743716617,0.032156210398150156
2024-03-18,48788.520807047986,48835.256637039405,48486.62738486455,48688.338321679796,48688.338321679796,38799.87210509785,-0.007754424774254476,-0.007784646662998857,0.03262820667589038
2024-03-19,50340.505701076196,50552.313272317595,49997.7376465802,50390.26278491472,50390.26278491472,14046.624784524129,0.03495548465816278,0.03435841580026291,0.03176895026219389
2024-03-20,51534.07970832285,51652.39389702015,51542.35004811402,51612.28005757396,51612.28005757396,34925.51414991301,0.02425105973102948,0.02396167208529374,0.03011352724517042
2024-03-21,51247.90543081997,51553.603212453745,51010.91518829559,51323.875742568,51323.875742568,24242.691964765792,-0.00558790107091256,-0.005603571795004349,0.025564798578582827
2024-03-22,49777.92377937469,50158.19499847918,49935.961794795236,49955.0306346835,49955.0306346835,41556.55851863468,-0.026670727572297936,-0.027032844559942606,0.026985005607954457
2024-03-23,47762.40559481325,47727.58732674103,47662.561713554984,47715.251356771434,47715.251356771434,19347.617953014545,-0.044835910406929025,-0.04587213169761587,0.02911330058155995
2024-03-24,47330.14902071058,47599.026808610535,47377.43495345678,47513.26350854442,47513.26350854442,35568.073175598394,-0.0042331925848347884,-0.004242177911275382,0.027426734470258944
2024-03-25,48253.96154368537,48515.42704826457,48316.39682691397,48376.80592681195,48376.80592681195,19427.301383035396,0.018174765412867,0.01801157865203926,0.028603112128131915
2024-03-26,49765.45345054714,50008.30056251044,49907.12269418558,49973.012251454995,49973.012251454995,38546.41132448615,0.03299528139699648,0.03246262226356101,0.02820423043924829
2024-03-27,52304.56999692233,52386.58253401808,52166.80282534376,52313.17696620142,52313.17696620142,44947.12138242995,0.04682857024850029,0.04576518424036535,0.03251398207271276
2024-03-28,52759.55161379096,52940.10170394789,52707.57205400133,52774.58365981815,52774.58365981815,15072.071965070401,0.008820085499965602,0.008781415759784287,0.032381169680460065
2024-03-29,51265.71327207206,51315.61166999998,51235.15170195414,51298.3828933907,51298.3828933907,44663.82754382014,-0.0279718126426719,-0.028370475603355757,0.03259255251552973
2024-03-30,50256.68188645361,50575.367458317785,50267.08613795896,50360.939655920665,50360.939655920665,33743.010176571916,-0.018274323372302947,-0.018443361356582443,0.026989399992883384
2024-03-31,49467.61263665607,50169.10610869866,49277.72158735832,49584.83601199974,49584.83601199974,15084.419634680959,-0.015410825318659116,-0.015530806354532646,0.02814313813574951
2024-04-01,49535.37246098404,49576.247435460915,49337.57773863199,49488.93547462938,49488.93547462938,27101.67421438848,-0.0019340698706182824,-0.0019359425987981766,0.02777091056298193
2024-04-02,50938.903587718116,51174.7457491062,50871.465022086246,50993.95878088896,50993.95878088896,16434.411739403917,0.030411308948666615,0.029958051607283948,0.02732837999537227
2024-04-03,52187.978131651515,52628.928786606266,51953.005673782594,52156.3422994979,52156.3422994979,38013.91555466278,0.022794533831026254,0.022538620102101902,0.021906961671127177
2024-04-04,51799.140105196224,52089.61111475064,51838.84887907381,51887.66497380865,51887.66497380865,40354.72537671799,-0.005151383587185254,-0.005164697707392594,0.02157969345046163
2024-04-05,51323.30135608843,51429.02593401236,51297.33362428579,51305.19508181132,51305.19508181132,14231.86081091196,-0.011225594605025035,-0.011289077125274922,0.019026145321806638
2024-04-06,50691.22592967302,50972.39721988375,50533.998769061065,50560.898125941414,50560.898125941414,30245.594107785775,-0.014507243461077346,-0.014613502452981974,0.018462327545825264
2024-04-07,48874.67225330784,48820.214414803646,48749.28367995486,48816.055673268565,48816.055673268565,42585.00224103669,-0.034509720304545355,-0.0351192448023053,0.022262150007983258
2024-04-08,49479.021449585045,49665.863419652516,49233.98947504046,49520.26283140669,49520.26283140669,47446.52166203986,0.014425728347481792,0.014322667497760294,0.023114773323802504
2024-04-09,50820.85408918273,50831.71348036811,50578.78084661257,50795.13419214714,50795.13419214714,30540.7146696708,0.025744438495425293,0.025418630434575477,0.022149330800087123
2024-04-10,52127.6976281131,52426.739429395755,51889.32030687984,52151.76414556612,52151.76414556612,48011.16894445628,0.026707872220341766,0.026357442791528296,0.0228684833216654
2024-04-11,52279.077741709094,52407.48255906453,52153.87572517841,52278.28972323962,52278.28972323962,31427.558818241192,0.00242610350285255,0.002423165265102313,0.022751332273755476
2024-04-12,50768.17456742166,50960.57407396656,50534.949008729425,50800.73567263651,50800.73567263651,25767.61978399632,-0.028263243851802677,-0.02867033820998238,0.025103710879001897
2024-04-13,49109.55768991541,49222.53991494035,49048.62950636611,49125.99121050395,49125.99121050395,43928.125142115816,-0.032966933253186226,-0.03352258892546646,0.027588611825043078
2024-04-14,47686.16682184265,47855.623208186975,47446.76140149804,47664.95748653523,47664.95748653523,29719.308418323562,-0.029740544423993653,-0.030191763275835136,0.026749270529587536
2024-04-15,48123.57256925982,48247.442502416976,47820.45435007786,48222.908439218016,48222.908439218016,28876.100422580923,0.011705684471456701,0.011637702946211555,0.026470634694267914
2024-04-16,49696.39414709573,50122.917721488644,49593.24012057333,49797.98202979473,49797.98202979473,29612.499576393133,0.032662351599178185,0.03214027475022384,0.027837578357668154
2024-04-17,51139.84639627981,51343.31650628614,51228.838932534585,51278.70065166293,51278.70065166293,43871.40007478982,0.02973451054667775,0.02930101226576538,0.02838489262670062
2024-04-18,51087.614249984676,51298.1120608603,51038.62366561809,51247.641360435045,51247.641360435045,43277.66166752209,-0.0006056957534644747,-0.0006058792612410192,0.028328049758298033
2024-04-19,49791.968760165655,49972.05928317081,49884.71946276832,49913.6970293877,49913.6970293877,26140.799697608447,-0.026029379999470414,-0.026374140065056215,0.028000082895218176
2024-04-20,48608.33361687602,48905.025527934944,48587.60675753862,48592.38736619561,48592.38736619561,23331.994394821,-0.02647188531064215,-0.026828574577289543,0.026895553110182765
2024-04-21,47708.00854269537,47973.90924967398,47727.004447101805,47797.287294244554,47797.287294244554,29677.12096156517,-0.016362646806363457,-0.016497993361132432,0.024937653886689386
2024-04-22,47782.59365806123,47746.79965104069,47418.5495398717,47731.232211638126,47731.232211638126,32910.90038948436,-0.0013819839230579944,-0.0013829397435603265,0.024457653344970735
2024-04-23,49384.56238452925,49417.186992372124,49217.40527646559,49381.091009653996,49381.091009653996,19533.48842511988,0.03456560246968832,0.03398163085662352,0.024903455542387775
2024-04-24,51160.12679529759,51995.59873021037,51050.503671705774,51356.9772166414,51356.9772166414,41758.203388623624,0.04001301240187494,0.039233224999887566,0.02720949571436326
2024-04-25,51010.49467429575,51004.747697546714,50845.024291125505,50944.99711587358,50944.99711587358,29459.310629296917,-0.008021891534424674,-0.00805424001982503,0.027404877666371136
2024-04-26,50252.19841085947,50321.47675631934,49891.25731133991,50171.1185463003,50171.1185463003,23361.821936798384,-0.015190472340455896,-0.015307029443477674,0.02599367666184903
2024-04-27,48041.41512323902,48226.07290996361,48067.27153212422,48140.8013907225,48140.8013907225,14272.839718559624,-0.04046784712810658,-0.04130945406780232,0.02884302382088074
2024-04-28,47422.56121354529,47610.23120109514,46960.536757725466,47380.54205925579,47380.54205925579,19553.806416144274,-0.015792411208452095,-0.01591843996065252,0.02879309276309933
2024-04-29,47335.98519703651,47444.289102884984,47296.53341741122,47421.63502077743,47421.63502077743,47971.246870239345,0.0008672961459630368,0.0008669202619800883,0.02879932288427246
2024-04-30,48129.153653421294,48407.042211409935,47942.34031914866,48119.38661574646,48119.38661574646,22203.987472781064,0.014713781898564093,0.014606584450303734,0.0255570666726984
2024-05-01,48779.358201410796,49089.653829021336,48787.33685097588,48905.80804210629,48905.80804210629,16754.371574681412,0.016343130735221978,0.016211019240926095,0.01976324364584431
2024-05-02,49173.26240997642,49486.201872337675,49327.863516038764,49352.57305522988,49352.57305522988,28426.91166619973,0.00913521381221094,0.009093740135764656,0.020630267466466425
2024-05-03,48398.593921366104,48811.53519557091,48046.04415357734,48436.8756403274,48436.8756403274,22283.50973440995,-0.018554198053214566,-0.018728486406393074,0.020961596012098096
2024-05-04,46273.339157042836,46501.72166481325,46184.56271081793,46285.71205167032,46285.71205167032,11406.370010847766,-0.044411691716673696,-0.04542809855371203,0.02210137689876708
2024-05-05,45519.68164593424,45648.91399442745,45347.66809788438,45559.4496152957,45559.4496152957,22925.808691176688,-0.015690855864199937,-0.01581526040150167,0.02209343892478448
2024-05-06,45033.009068131745,45407.61539630103,44855.07944346149,45151.412123954,45151.412123954,31764.34495757874,-0.008956154975250263,-0.008996502417178382,0.02194261686818622
2024-05-07,46678.5749637187,46732.13597203729,46326.04743182565,46718.56486993181,46718.56486993181,32068.494880798677,0.03470883129137814,0.03412006471496703,0.026111531322867684
2024-05-08,47740.17889060996,47883.80415037633,47712.510280982315,47713.249415351886,47713.249415351886,24262.35684707555,0.021290991026572614,0.02106750447867909,0.026809060959982294
2024-05-09,47805.56459823147,47907.000464702614,47607.761294162054,47810.05390124372,47810.05390124372,27892.110250104026,0.0020288805956001355,0.002026825197000557,0.026394967366242156
2024-05-10,46806.44467419859,46957.46590213684,46519.89938803249,46788.194571138665,46788.194571138665,48620.71672939065,-0.02137331474705728,-0.021605031693523177,0.026670088868275436
2024-05-11,44591.97109234639,44787.69257885531,44510.48576588414,44658.98261239182,44658.98261239182,25093.939089212465,-0.045507461406947614,-0.046575452931170776,0.026944313746515666
2024-05-12,43538.31796598525,43627.138338029865,43324.08500744006,43421.14617451363,43421.14617451363,20329.072530399317,-0.02771752434715591,-0.028108903929853574,0.02811364509088178
2024-05-13,44229.397785258225,44413.97018533501,44100.840216282755,44347.0151189137,44347.0151189137,19738.681762670407,0.021322996419277374,0.021098842159615466,0.029943269075176557
2024-05-14,45707.51785916217,45739.4915221019,45321.758973711796,45658.7618294535,45658.7618294535,28310.584508165368,0.029579143196502233,0.029150119903945802,0.028935888954879502
2024-05-15,47794.98964008339,47867.82504665726,47564.22435875252,47676.80053078739,47676.80053078739,40380.805948677764,0.0441982791577169,0.0432493939923028,0.03312172945353769
2024-05-16,47582.76045252642,47619.38945637022,47358.70677255112,47534.66964325153,47534.66964325153,18239.527367538925,-0.0029811330868160235,-0.002985585515112689,0.03313382404683941
2024-05-17,46733.76064373955,47166.51805029467,46356.60084410615,46754.01306644604,46754.01306644604,38371.84508563072,-0.016422888444672767,-0.016559238984736394,0.03265986281480678
2024-05-18,45722.96239600372,45989.29868352087,45669.59792110763,45775.79210067002,45775.79210067002,10845.992933976651,-0.02092271661013967,-0.02114469841321925,0.027878088472843704
2024-05-19,43598.01994994767,43499.2550761776,43427.38362860876,43494.41118484305,43494.41118484305,26757.319119357842,-0.04983815268143832,-0.051122943299635085,0.03286285593691679
2024-05-20,43376.38860437456,43801.13020798381,43450.2185300028,43518.686096900725,43518.686096900725,41034.602608111476,0.0005581156612171068,0.0005579599725969369,0.03160466619304041
2024-05-21,45310.402379754414,45423.343084041524,45096.58272164943,45407.41480579238,45407.41480579238,23549.318230977256,0.04340040746372997,0.04248500212144225,0.03424669968056708
2024-05-22,46866.32898152302,46996.55911732213,46735.28956276175,46906.08475807219,46906.08475807219,32549.48405781598,0.033004960945026696,0.032471992589693514,0.032011814293483674
2024-05-23,47638.14561030193,47726.85894018011,47431.407134478344,47514.38023455073,47514.38023455073,18199.16931303643,0.012968370300270093,0.012885000988619631,0.032484988512878114
2024-05-24,46204.805739033734,46252.49039487117,46074.17126940602,46166.82897542964,46166.82897542964,39679.815645046896,-0.028360914158387707,-0.02877085433718427,0.03380160486908759
2024-05-25,44414.31401721009,44548.547446062024,44502.41565933242,44511.11859306112,44511.11859306112,12091.164130750385,-0.03586363670872239,-0.036522538679158986,0.03566653631717464
2024-05-26,43356.69053906336,43584.86730873783,43276.09340669815,43387.72130960185,43387.72130960185,44101.70579502002,-0.02523857676392771,-0.02556253204362882,0.03127541419093264
2024-05-27,44332.90256581497,44631.81209053755,43888.42286468574,44394.3348802246,44394.3348802246,17927.855456866724,0.023200424918373708,0.022935386566199437,0.03248226683286036
2024-05-28,46050.75904795312,46639.6506755802,46062.416455362516,46121.73794717647,46121.73794717647,44975.92126833323,0.03891043917230408,0.03817250933754508,0.03159055986312085
2024-05-29,47988.62087937118,48006.65855815822,47842.467536532145,47890.7319235155,47890.7319235155,24101.169652020693,0.03835488546344612,0.03763761982149251,0.0324987142900874
2024-05-30,47970.34166732085,48172.67524356363,47877.31316352329,48107.5159802472,48107.5159802472,38907.34297897946,0.004526639039008851,0.004516424621568259,0.03224113884639354
2024-05-31,46979.03228802123,46857.031062763264,46740.88953888549,46818.1542024478,46818.1542024478,22769.01191144754,-0.026801670207391437,-0.02716738427583634,0.03199913722669885
2024-06-01,44985.692801451376,44973.50309099505,44861.97558823569,44902.869832432916,44902.869832432916,46236.4668493859,-0.04090901067421282,-0.04176932921907968,0.03304545495307779
2024-06-02,44163.62340491925,44122.23400655122,43703.44209819578,44054.53723785888,44054.53723785888,15065.485020734974,-0.01889261416341126,-0.01907335972310876,0.03226031837141752
2024-06-03,44220.47358603912,44325.84781926945,43952.163592198674,44266.76753724165,44266.76753724165,17140.791570903948,0.00481744475573298,0.004805878002002054,0.03103123505785943
2024-06-04,45996.853539083255,46045.539806245084,45918.68649716753,46011.847610991164,46011.847610991164,29721.20500635209,0.039421899787044135,0.038664693013348385,0.031138537050563863
2024-06-05,48506.4254741628,48913.260162736864,48619.57311330193,48649.74065561527,48649.74065561527,13277.537561525845,0.05733073505168207,0.05574755771025122,0.03554133826682997
2024-06-06,49455.559306417344,49709.33406017995,49493.236034002344,49508.02554712402,49508.02554712402,17839.207388070477,0.01764212676043697,0.0174883108997859,0.03599132639538371
2024-06-07,48348.82060004118,48527.43082750268,48209.123220044945,48299.45511527687,48299.45511527687,47750.65528848057,-0.024411606370704053,-0.024714509360075666,0.03565287873661029
2024-06-08,47330.66310643211,47464.47981372195,47162.05180344835,47201.05680025397,47201.05680025397,49059.58644591548,-0.022741422494339414,-0.023003997160935104,0.032253086532676105
2024-06-09,45840.744766299635,45975.0741533781,45799.80403420236,45951.46044797988,45951.46044797988,25050.373173216878,-0.026473906242441836,-0.02683065046381691,0.0333977512826649
2024-06-10,45318.5701264853,45779.49169998555,45128.99765319632,45355.120720183826,45355.120720183826,46931.44084055743,-0.012977601190089505,-0.013062545976459975,0.0342154949770866
2024-06-11,46436.14028800315,46572.83460744529,46326.727965246355,46451.27021002641,46451.27021002641,31792.98702693727,0.02416815284442131,0.02388072489817065,0.03199502617239895
2024-06-12,46976.48797459564,47375.46580412711,46990.160977970525,47116.06689481489,47116.06689481489,20789.698634950684,0.014311700881001643,0.01421025525065783,0.022172854314541444
2024-06-13,47422.167616763014,47367.606305046946,47202.16954065517,47363.03269258717,47363.03269258717,38095.948843223945,0.005241647150294293,0.005227957534456738,0.02055916708661392
2024-06-14,46254.28418324438,46526.54366287762,46147.61213026612,46326.68321641864,46326.68321641864,36356.07226299429,-0.021880977995962003,-0.022123916961457893,0.02020320898257443
2024-06-15,45446.35756133381,45566.851580697155,45339.58105061845,45465.896596451516,45465.896596451516,49565.01276434933,-0.018580795347378887,-0.018755586888674357,0.01967480432952314
2024-06-16,44538.606680379045,44751.925622871146,44533.16856996264,44583.801617570236,44583.801617570236,20601.891496371332,-0.019401244557225472,-0.019591918945113553,0.018547762542629492
2024-06-17,44818.040042386696,45006.320606598936,44732.90509043617,44896.97389295866,44896.97389295866,36882.38010646941,0.007024351087750347,0.006999795259094898,0.018503592163455124
2024-06-18,46911.16483030361,46959.6557486856,46905.14681591092,46911.869328851666,46911.869328851666,12080.950201177875,0.04487820138383558,0.04390032492418517,0.024072551047086773
2024-06-19,47384.93336179229,47479.859202012034,47315.54613722087,47406.49431964909,47406.49431964909,14545.841547868777,0.010543706696702015,0.010488509471154024,0.023782779291248248
2024-06-20,47909.83835026852,48025.375768305144,47843.73820971887,47947.02413849638,47947.02413849638,10156.73499804373,0.011402020474297059,0.011337507362261433,0.024073016206344996
2024-06-21,47214.051907508496,47471.38010657623,47247.60475299091,47286.89806967653,47286.89806967653,49978.427242386926,-0.013767821479661824,-0.013863476926671872,0.022898379032620604
2024-06-22,44880.552137760016,45171.67480857561,44807.42778450566,44848.599670681724,44848.599670681724,42090.947885899106,-0.051563932051580275,-0.05294089520147348,0.030310738683843597
2024-06-23,44540.27975337124,44439.38212036427,44225.60235721396,44374.918026522006,44374.918026522006,41468.92058934164,-0.010561793403537911,-0.01061796500883453,0.02961957736008738
2024-06-24,44980.877493345935,45210.32047422713,44931.53393743887,44966.888770062025,44966.888770062025,30389.04301152719,0.01334021041314859,0.013252013318914778,0.02997367747875292
2024-06-25,46459.04927990422,46663.700668797595,46049.71379864036,46359.43745841311,46359.43745841311,22002.683316217597,0.03096831305078429,0.030498470373172014,0.026847852821263413
2024-06-26,48136.998844252186,48475.68321639713,48177.790287339114,48276.02103676753,48276.02103676753,16050.571378507037,0.04134182128663011,0.04051009431960909,0.031284013087154255
2024-06-27,49849.86614939202,49920.414068006256,49777.114906788716,49834.09000546265,49834.09000546265,21386.989553858548,0.0322741795043231,0.031764309587536746,0.033154532342099766
2024-06-28,48769.72763533167,48960.2104852961,48828.2285167297,48879.464467228776,48879.464467228776,25038.848877165565,-0.019156074448820615,-0.01934192937156411,0.03374734430086048
2024-06-29,47156.87699152069,47309.40860555206,47256.26999509972,47304.569484273874,47304.569484273874,40252.403879211764,-0.03221997213187122,-0.03275046146725946,0.02874199243777125
2024-06-30,45955.39322799463,46210.070740886564,46016.97752876851,46029.330368740535,46029.330368740535,31586.471556126096,-0.026958053512299407,-0.027328087254960182,0.031079656776892343
2024-07-01,46146.32065724227,46092.002580145236,45931.242420183706,46027.13072380092,46027.13072380092,13099.345062219309,-4.778789789028348e-05,-4.778903976825465e-05,0.030939578135717072
2024-07-02,48137.49286024146,48278.29923560646,47867.58786254799,48042.491277374495,48042.491277374495,10721.16035835649,0.04378636082416976,0.04285483329391126,0.03312179811111973
2024-07-03,49238.94248192681,49452.17788741368,49084.68896435172,49214.64200972137,49214.64200972137,14093.287181362526,0.02439820877688126,0.024105326783408085,0.0305950283152043
2024-07-04,49519.877612134966,49766.07112758364,49432.50749704613,49673.14766812396,49673.14766812396,26419.948547895172,0.009316448107293374,0.009273317679273547,0.0280803135930659
2024-07-05,48369.13221383937,48428.99221015273,48180.35139652955,48388.76027897817,48388.76027897817,47327.71668196073,-0.025856774725190323,-0.02619693761341268,0.02893827070514764
2024-07-06,46959.41491663667,46985.90249005572,46831.80433150751,46929.244915746494,46929.244915746494,35496.09924836886,-0.030162280554762222,-0.03062652102182979,0.028577467981043835
2024-07-07,46068.07092558457,46102.29829736753,45980.13303906341,46050.517302626715,46050.517302626715,42073.035995020604,-0.01872452059898655,-0.01890204395408784,0.027468804198808736
2024-07-08,46807.63045620049,47109.348574843614,46838.01060130907,46992.00981454856,46992.00981454856,28654.98378018194,0.020444776021400823,0.020238587174802477,0.028487835317039238
2024-07-09,48248.16247562049,48432.17499174698,48077.970927572496,48337.194260422475,48337.194260422475,24466.643327801714,0.028625812157909714,0.028223748500273267,0.025295586160427094
2024-07-10,49796.041661662246,49976.70889756857,49711.225272582284,49802.44943807712,49802.44943807712,14336.014908664909,0.030313202908724968,0.029862836512348875,0.02628126449818349
2024-07-11,49789.41921093067,50004.9860560283,49699.504795956156,49735.79011997895,49735.79011997895,45037.3208874482,-0.0013384746905080736,-0.0013393712478588175,0.026094361002217376
2024-07-12,48248.472042067646,48493.36074008692,48349.078931010525,48468.08482417764,48468.08482417764,41326.40116111611,-0.025488793738738025,-0.02581926060216724,0.026032778642092632
2024-07-13,46941.5173970472,47345.51559440685,46846.24518397352,46957.72979459519,46957.72979459519,16724.723903909005,-0.031161846709260366,-0.03165770550927156,0.026231139919307225
2024-07-14,46304.97031414248,46490.731702075704,46208.0658727259,46290.66543715459,46290.66543715459,30490.42255505042,-0.014205634734866912,-0.014307500627851709,0.02573345403847068
2024-07-15,46337.266513710245,46387.85430896359,46066.965653089166,46252.305314858626,46252.305314858626,29494.992316849795,-0.0008286794310192747,-0.0008290229756243159,0.02427277726271606
2024-07-16,48356.586678636486,48390.08249014452,48281.01308613779,48287.30092021274,48287.30092021274,35003.66210746115,0.043997711930271466,0.043057297820374325,0.02792689773281451
2024-07-17,50623.56962679758,50601.228851304615,50395.62676807853,50565.312494916696,50565.312494916696,47847.47575965045,0.047176204328919,0.046097212216454894,0.031462537528787644
2024-07-18,51114.75843565118,51264.87850617609,51080.12692367314,51194.75248632138,51194.75248632138,33190.85767049919,0.01244805896271206,0.012371218892763913,0.031606599197526355
2024-07-19,50896.791513124896,51185.42915286676,50730.41842845041,51087.59172683723,51087.59172683723,31608.690671144745,-0.0020931981165995817,-0.002095391917685386,0.02903127775927859
2024-07-20,48962.38657547443,49128.636144892924,48929.76591669008,49001.69185118057,49001.69185118057,12012.917317386558,-0.04082987287421691,-0.04168681928405353,0.0313379437375585
2024-07-21,47433.96901628236,47555.74580215275,47273.58436592316,47333.80583376151,47333.80583376151,12516.299040720958,-0.03403731492546169,-0.034630073802937984,0.034282401753797105
2024-07-22,47006.513701854674,46949.13198048793,46830.40134583773,46867.16824910223,46867.16824910223,17493.871653071554,-0.009858442110024512,-0.009907358307625902,0.03464871248069729
2024-07-23,49286.43796037788,49263.634581071805,48676.776317352,49215.3830501481,49215.3830501481,11298.83086766993,0.05010362026920312,0.04888884527096158,0.03592384050851235
2024-07-24,51185.69260590679,51277.273263867166,51072.79851871303,51142.75852362662,51142.75852362662,39734.11582280049,0.03916205369192416,0.03841467078447601,0.034386254626486465
2024-07-25,51575.652692802854,51917.665114943295,51336.877808595855,51537.688727964254,51537.688727964254,38933.21215975852,0.007722113858117163,0.007692450945956035,0.034195724407656225
2024-07-26,50576.50250068493,50658.64112463752,50613.02152594319,50632.11437536101,50632.11437536101,15442.249377265718,-0.017571109123329487,-0.017727313556013244,0.034955194929899076
2024-07-27,48357.3585462516,48565.27043654109,48015.11530891367,48370.36457560696,48370.36457560696,43443.15603181124,-0.04467026170360133,-0.04569872239230994,0.035710912124685225
2024-07-28,48714.588852234614,48769.09803350938,48531.56194979263,48547.68189965198,48547.68189965198,16191.441393844478,0.003665825668273781,0.0036591229051384654,0.032664964291687665
2024-07-29,48940.75922985324,49059.09126322315,48868.403819032275,49035.01503043243,49035.01503043243,22047.023479894353,0.010038236877875306,0.009988188431486968,0.03211100807439992
2024-07-30,50851.38295210733,51124.43898223915,50506.82701792431,50689.905073036345,50689.905073036345,19959.0759664546,0.033749149288051505,0.033192144417627585,0.028877668360969666
2024-07-31,52620.77821483778,52822.46536571707,52543.07297536788,52652.98103028699,52652.98103028699,24892.28394292191,0.038727157891145225,0.03799607694924662,0.02879121911674889
2024-08-01,53448.75139685775,53423.273823139025,53292.85500278919,53316.20818594824,53316.20818594824,20186.550635598476,0.012596193846645676,0.0125175217540395,0.028940035572985558
2024-08-02,52241.910031374726,52400.69818878531,52255.479964043596,52382.59153232448,52382.59153232448,29558.037057538084,-0.017510934955607405,-0.01766606502646567,0.028932145524923434
2024-08-03,50346.93944861342,50354.74509461076,49940.578758126285,50288.34902849695,50288.34902849695,26296.315254187415,-0.039979742173221866,-0.04080089284000326,0.02760789606746916
2024-08-04,49404.84752770698,49516.62447725755,49414.27598807816,49478.52454130174,49478.52454130174,49462.77963117306,-0.0161036204775048,-0.016234692838200566,0.028857207682760865
2024-08-05,50700.732610139625,50984.14969275986,50475.747920636204,50842.259329332046,50842.259329332046,12237.054005129026,0.02756215551439789,0.027189157543501753,0.030286790054804173
2024-08-06,53137.0154019521,53202.25927182497,52952.33164528735,53115.161997711,53115.161997711,15687.255055494064,0.04470498947846058,0.04373453884155474,0.03220744224910033
2024-08-07,55612.8951351916,55614.56911596721,55415.534610864925,55511.947956332,55511.947956332,12113.0357563441,0.04512432737613192,0.04413585190565744,0.033324417318935415
2024-08-08,55594.56851404999,55730.97199342613,55605.31602844584,55679.062657909344,55679.062657909344,35033.64779929503,0.00301042762377568,0.0030059053602281916,0.033303709064308344
2024-08-09,53988.79998597113,54286.46367819447,54059.942122373715,54138.70158201697,54138.70158201697,12180.371096548783,-0.027664996541991282,-0.02805488013777965,0.034724171454687904
2024-08-10,52367.618369428565,52499.87634266467,51991.26832999294,52376.80284586206,52376.80284586206,43457.58949504493,-0.03254416313412567,-0.033085501770299314,0.0331903207523508
2024-08-11,51350.36310336546,51546.1943766521,51303.32995741303,51359.10663624318,51359.10663624318,30477.54522727711,-0.019430285056035612,-0.019621534451635066,0.03358600504762751
2024-08-12,52383.75689802699,52546.12135850655,52159.89334103468,52328.92493527154,52328.92493527154,31080.304983261347,0.018883083498652198,0.018707011150149663,0.03280075207167908
2024-08-13,53177.84472285189,53190.07795473825,53073.10582902062,53082.88526571544,53082.88526571544,32463.780308487767,0.01440809898878137,0.014305288687861396,0.028316621688265826
2024-08-14,55441.91155261981,55609.46463040329,55166.81510138634,55447.853070747056,55447.853070747056,16832.54825224843,0.04455235982734096,0.043588429841204104,0.028165994390936214
2024-08-15,55977.12199272992,55865.02912393076,55781.090771134994,55791.57166125049,55791.57166125049,17907.6121245795,0.00619895219504496,0.006179817725945153,0.02824519118037622
2024-08-16,54554.99593496709,54900.20919587259,54191.75135726247,54532.57246051356,54532.57246051356,22752.69291492019,-0.022566118201171825,-0.022824629513811766,0.02744841848625385
2024-08-17,52292.87234617792,52372.20819325298,52078.13665367167,52327.51499677861,52327.51499677861,33739.856632874056,-0.04043560324119322,-0.041275850873713306,0.029180293254114954
2024-08-18,50293.37125917218,50524.3913543061,50442.12719320926,50454.52799508246,50454.52799508246,18404.71103760858,-0.035793540010670366,-0.03644983718932364,0.03157492972044693
2024-08-19,51262.56987482466,51292.71974803382,51098.545971444655,51288.83582685627,51288.83582685627,14653.269085330448,0.016535836622138866,0.016400608380848787,0.03132634478557326
2024-08-20,52892.04876121065,52986.32341231862,52852.38605167816,52925.687455751766,52925.687455751766,48804.675456737285,0.03191438453431217,0.03141570289537418,0.033517963429113874
2024-08-21,53976.930130810724,54040.88803157098,53540.12533381723,53880.899651182575,53880.899651182575,10879.272592384916,0.018048177385119546,0.017887242534171347,0.02882207088343912
2024-08-22,53702.331167350465,53979.34492663109,53471.189607317865,53656.08280494378,53656.08280494378,42107.896213440865,-0.004172477588426204,-0.004181206662745391,0.028491377314670652
2024-08-23,52324.6948773722,52653.36827336474,52130.054035833826,52442.631789535466,52442.631789535466,41521.405983000885,-0.022615348567646576,-0.02287499773536099,0.028496381262988178
2024-08-24,51595.36271471619,51791.69786039093,51523.338659709225,51578.13727607509,51578.13727607509,21888.56455380384,-0.016484575315171,-0.0166219578140563,0.0247551931411108
2024-08-25,50469.93605180305,50592.84445302486,50354.10613875514,50402.782934630144,50402.782934630144,15425.064640292536,-0.022787840032954088,-0.02305149599295489,0.022126761891174986
2024-08-26,50226.73713380276,50416.056672380364,50013.966358609,50073.93399786398,50073.93399786398,15825.145868216936,-0.006524420232761119,-0.006545797295137916,0.020950794167593222
2024-08-27,51640.00550786368,51572.14495482977,51170.42779320767,51551.25511112227,51551.25511112227,37897.264689487696,0.029502797070454223,0.02907596440329283,0.020285806771347743
2024-08-28,53091.17063698108,53048.850316187934,52689.89418847752,53015.08597154993,53015.08597154993,35712.263643446946,0.028395639587673882,0.02799995640418098,0.022391864989545637
2024-08-29,52095.373789333506,52103.37562249463,51645.609143182366,52089.36518987199,52089.36518987199,41309.82697005547,-0.017461459596136875,-0.01761570913391352,0.023147631758615783
2024-08-30,51055.49029139228,51249.034751371575,50984.85004876993,51016.659090849935,51016.659090849935,47499.246895964185,-0.020593572125747972,-0.020808576661889407,0.022887748936051375
2024-08-31,49327.137039711335,49387.65717647883,49143.0616518913,49202.18654964072,49202.18654964072,37677.09453066368,-0.035566275282315596,-0.036214163649791756,0.025634616072182904
2024-09-01,48371.453326536095,48552.40486283102,48201.4025563999,48504.73106628406,48504.73106628406,16234.061462057738,-0.014175294479097711,-0.014276723632212789,0.024915447616648975
2024-09-02,49816.98772082786,50046.97117950604,49556.544768325904,49851.93165354956,49851.93165354956,19737.704670616426,0.02777462234404493,0.02739590403166145,0.027816091024840457
2024-09-03,51938.14993874908,52115.62564761267,51781.850903371116,52015.4068136247,52015.4068136247,43687.74923492458,0.04339802066468357,0.042482714599069,0.03064917295969425
2024-09-04,53519.07042552126,53519.0714369684,53437.800000896124,53481.15511364865,53481.15511364865,18372.243033368344,0.028179118261553615,0.027789391409065792,0.030617812664137576
2024-09-05,53473.63691663587,53550.823917584225,53131.15419354422,53350.61469907079,53350.61469907079,12900.892678179256,-0.0024408675224096843,-0.0024438512958600235,0.029563312596343472
2024-09-06,53532.03850626034,54132.382393532294,53473.962569584706,53591.73593493245,53591.73593493245,38131.20216169002,0.004519558719645822,0.004509376182989836,0.027566545178165505
2024-09-07,51683.309439087876,52057.914939741,51754.88738962488,51922.33987583482,51922.33987583482,26101.05421960568,-0.031150251619475378,-0.03164573754500329,0.02644762708536073
2024-09-08,50842.52378152564,51014.56099265357,50762.17080389292,50883.74585602809,50883.74585602809,46801.60210183614,-0.020002835432501476,-0.02020560062017594,0.0273392275741197
2024-09-09,51385.753225467764,51660.532431637315,51186.58131163623,51294.40585226603,51294.40585226603,36010.20284374646,0.008070553559478055,0.008038160810331716,0.025838886174826187
2024-09-10,53047.40386824626,53095.881397856276,52883.987118966266,52993.64087795128,52993.64087795128,13616.75911166643,0.033127102214211224,0.03259022440217509,0.02343271749139646
2024-09-11,54564.471942071665,54796.385026323194,54354.98653493454,54521.653317290606,54521.653317290606,47914.26269014643,0.028833882972080893,0.02842600841853365,0.0235514481860354
2024-09-12,54629.54552345598,54685.034556568964,54436.57229503092,54657.54485364343,54657.54485364343,20342.290545609838,0.002492432420601709,0.0024893314624663443,0.023435238725696878
2024-09-13,53210.65364363793,53529.1316267005,53294.44843185714,53338.55671725991,53338.55671725991,23488.49961625143,-0.024131858463737665,-0.02442780258096829,0.025664024624771423
2024-09-14,51674.704238209495,51945.63045764478,51379.58297558594,51623.17480604705,51623.17480604705,26090.41654734168,-0.032160261109160815,-0.03268876440903058,0.02586778788760888
2024-09-15,50222.47557371347,50568.88664543374,50203.26448181425,50305.90375471693,50305.90375471693,12048.97185617253,-0.025517048424069766,-0.025848254722257446,0.026631986090761246
2024-09-16,50590.613076509304,50700.19630904554,50228.61962502174,50372.20340317126,50372.20340317126,29860.616889224195,0.0013179297757495156,0.0013170620686036628,0.02635574285069597
2024-09-17,52082.66188315397,52174.03666053289,51979.50623728246,52025.61116231851,52025.61116231851,14932.73964301169,0.03282381248867816,0.03229661652838352,0.026287975600883026
2024-09-18,53440.25036865401,53513.40192668972,53262.37015723726,53498.315198909404,53498.315198909404,26038.813067534073,0.028307289500090427,0.02791404211253655,0.026184466063145683
2024-09-19,54611.895708254844,54993.42739537314,54634.21270680303,54673.034232993705,54673.034232993705,24028.39151968337,0.02195805661760808,0.021720450447751453,0.02777703809564806
2024-09-20,52292.69624237257,52351.20316065992,52195.74780411241,52301.99066303393,52301.99066303393,40913.603337060136,-0.043367696767210195,-0.044336179507442314,0.03132946433544944
2024-09-21,51124.788620688116,51317.38813195353,51051.96348265268,51148.73881289029,51148.73881289029,42126.82046530924,-0.022049865321067785,-0.022296597283059445,0.029929319524709716
2024-09-22,50837.90612092884,51160.41128687541,50505.76431340856,50726.222743375845,50726.222743375845,16136.51529556352,-0.00826053739193977,-0.008294844692734404,0.028229252553784907
2024-09-23,50130.8917839389,50147.42732945097,49975.97826487591,50112.2501669645,50112.2501669645,24662.04749516905,-0.012103652572702628,-0.012177498248699339,0.028698183449912405
2024-09-24,51467.93584133491,51565.73997658266,51459.377553685415,51541.099015225765,51541.099015225765,24934.126441273267,0.028512965262996737,0.028114036023638465,0.02790200041063807
2024-09-25,53144.61529604477,53065.86830273729,52894.00953330142,52955.571227529195,52955.571227529195,16056.417757443402,0.027443578800785406,0.0270737547377927,0.0277523041046265
2024-09-26,52679.4687531153,52683.25840923777,52506.82076027383,52674.53791996328,52674.53791996328,41938.14020204762,-0.005306963952072641,-0.005321095905954649,0.02581881556798834
2024-09-27,51316.95487800149,51579.08111849074,51062.73472594791,51240.070910404596,51240.070910404596,38289.13313341693,-0.02723264533878389,-0.02761032645295883,0.022305812732887998
2024-09-28,48924.955060822336,49110.3075839137,48878.81424429763,48985.777711566814,48985.777711566814,17615.27145188139,-0.043994732223917254,-0.04499185571988903,0.026604284207448925
2024-09-29,48852.6658302898,48855.27575856279,48570.55816701753,48816.354267515344,48816.354267515344,24668.876343751963,-0.0034586251758429443,-0.0034646200465616134,0.026593641368911226
2024-09-30,49738.02700299607,49855.41012102136,49579.45445447599,49706.91600388175,49706.91600388175,14232.20099426057,0.018243102126924482,0.018078693280301376,0.027723139309433015
2024-10-01,51753.921267470876,52206.89069892463,51851.208855970195,51942.88619668049,51942.88619668049,35128.26388372175,0.04498308027446574,0.04400069416078348,0.031119213906536863
2024-10-02,54105.44238504942,54026.268692184414,53486.509470282945,53903.914874003356,53903.914874003356,14854.876981944788,0.03775355627905386,0.037058334858224136,0.032751534394258285
2024-10-03,53891.17597427985,53769.51888759728,53645.18798205616,53762.1115281876,53762.1115281876,49437.36674499671,-0.0026306687769750425,-0.002634135066523125,0.032653901513837964
2024-10-04,52414.57319766994,52540.15317418799,52448.08094271035,52454.292729284534,52454.292729284534,41227.282987514496,-0.024326031134721537,-0.02462679666937632,0.03221527678170067
2024-10-05,50889.747759747836,51138.458929768196,50818.03805039706,50999.974733793424,50999.974733793424,25609.541983359803,-0.02772543332147881,-0.028117038403824533,0.028573848560031354
2024-10-06,49378.10832496463,49624.615656318645,49156.050888626356,49343.35216358428,49343.35216358428,33142.55729117418,-0.03248281158679556,-0.03302208843424847,0.032085469537645586
2024-10-07,50131.243688404764,50139.19503298907,49989.01800716955,50122.57391846333,50122.57391846333,46453.67264865635,0.01579182849790506,0.015668434952085218,0.03189109644778593
2024-10-08,51638.170759542074,51903.547939491946,51544.165319020474,51602.60386468575,51602.60386468575,32163.971215833044,0.029528211153522443,0.02910064988201365,0.028771356468640454
2024-10-09,53034.54384583164,53167.39729895015,52977.920302530954,53015.38610621223,53015.38610621223,16979.939455918207,0.027378119236601606,0.027010041604659578,0.026656672566337213
2024-10-10,53844.21272903745,53810.076580693756,53345.942383441856,53793.58863010685,53793.58863010685,25148.134223246372,0.014678805174323406,0.014572114309369003,0.02738844013140303
2024-10-11,53114.892190025916,53261.67191997972,52546.02158955972,52970.161620086736,52970.161620086736,43725.79460118982,-0.01530715891966472,-0.015425522907814062,0.026218212929397997
2024-10-12,51147.48358158499,51152.515076482094,50969.30022550069,51090.67326107212,51090.67326107212,35768.52063958472,-0.03548202047210469,-0.036126805516273904,0.027785891256039162
2024-10-13,50519.81394710006,50775.21077810917,50533.24217978034,50624.779496991054,50624.779496991054,36028.97537335201,-0.009118959182635167,-0.009160791395952583,0.024341231249795384
2024-10-14,50643.22665825515,50570.805275067745,49957.46940443886,50506.97037298391,50506.97037298391,44672.859427539566,-0.002327103943517317,-0.002329815857987433,0.023826837339664723
2024-10-15,52579.192278106115,52683.220910961914,52315.18478652696,52415.13082175729,52415.13082175729,45758.92229850018,0.03778014073467473,0.03708395184113371,0.02559284045153026
2024-10-16,54627.079769494216,54686.908589972154,54206.62452473952,54311.87409604301,54311.87409604301,46791.702871177455,0.036186941529074534,0.035547573050346525,0.02718611406960662
2024-10-17,54467.47401285496,54602.82863200841,54302.155860537234,54579.82341617892,54579.82341617892,13793.967730126244,0.004933531103384237,0.00492140111822369,0.026781059386746495
2024-10-18,53721.61946285191,53729.357820650206,53620.326899194304,53697.33126153688,53697.33126153688,31765.040078524034,-0.01616883491749166,-0.01630097685215315,0.026877716266798145
2024-10-19,51164.55932692025,51507.03721252924,51296.171400290965,51372.76919723915,51372.76919723915,39620.38084873275,-0.04329008555333558,-0.04425505317970015,0.02879836276792127
2024-10-20,50844.538956717304,50831.86336672692,50760.97261306189,50789.22404107938,50789.22404107938,40277.07380508055,-0.01135903641712055,-0.011424043014982812,0.028943470796505995
2024-10-21,51064.675482833976,51269.889378998414,50693.38221668921,51119.495512650654,51119.495512650654,34268.64807880015,0.006502786325385479,0.006481734425109769,0.028975735348414675
2024-10-22,52650.67122717486,52522.137434825694,52304.68520436602,52458.32664769237,52458.32664769237,16671.493407346967,0.026190225893571117,0.025853134917487045,0.026849137735650938
2024-10-23,54505.56240891049,54742.22907727305,54539.94460482109,54583.02390591235,54583.02390591235,41896.822157666575,0.0405025740239362,0.03970384068216461,0.02783842272749465
2024-10-24,54484.6562966372,54868.77602815365,54551.920872499,54653.57460043392,54653.57460043392,38804.45334059783,0.001292539135303139,0.001291704525694638,0.027787615512462713
2024-10-25,52856.65891241881,52908.04761622345,52118.53774520179,52903.78528648906,52903.78528648906,13445.430861961451,-0.03201600859115572,-0.032539729643091674,0.029936723725942888
2024-10-26,50228.91664650052,50806.70356077283,50009.642835722516,50426.465423622234,50426.465423622234,28552.39298697505,-0.046826892432203726,-0.04795874694635208,0.030773037035314327
2024-10-27,49759.02167898227,49696.04389629447,49338.972403579326,49683.911733531546,49683.911733531546,16959.09598087214,-0.014725475677358046,-0.014834971744959761,0.030964919986370555
2024-10-28,49259.911292450706,49608.10095045843,49408.93009319627,49466.41959707634,49466.41959707634,23499.081828518872,-0.0043775163602591816,-0.004387125738729677,0.030696385493947487
2024-10-29,51946.855091488134,52246.75221189238,51886.54355248922,51944.00933336982,51944.00933336982,10723.243688227418,0.05008629604637704,0.0488723475031246,0.03558861512965938
2024-10-30,52295.45609274381,52863.86520998062,52494.13482566918,52503.23727472943,52503.23727472943,26013.194736430327,0.01076597568298121,0.010708435184776885,0.03134989736235733
2024-10-31,53742.158218213575,54091.01518726834,53689.340731987635,53774.18799866724,53774.18799866724,31995.07684624842,0.024207092551025156,0.023918744989163326,0.03326807359967116
2024-11-01,52998.475882085804,52887.56339670765,52720.1714808576,52834.13806650535,52834.13806650535,34783.30371308347,-0.017481434255877337,-0.017636038985579056,0.031476179586047114
2024-11-02,51122.84102360887,51188.52123911127,51020.87448735069,51086.77623446529,51086.77623446529,36539.6138051484,-0.033072590866166096,-0.03363185446052025,0.028319708624206543
2024-11-03,49682.408664800976,50084.9961657039,49465.32328596314,49768.75802529747,49768.75802529747,43451.6525240984,-0.025799596418429438,-0.02613824334005099,0.02969856626279553
2024-11-04,50387.928273372505,50570.056285081635,50240.93278876206,50391.04862226641,50391.04862226641,18618.516291029202,0.012503639264066502,0.012426114326978042,0.02990992321195484
2024-11-05,51974.2256035597,52069.03612669194,51889.18503537821,51972.423916355256,51972.423916355256,14819.272897538718,0.03138206759583251,0.030899716014535467,0.0255185689487947
2024-11-06,54171.53053724935,54153.62610506212,53898.25363485694,54124.26750266501,54124.26750266501,44061.48687591703,0.04140356412417767,0.04056938417615915,0.029859418967817034
2024-11-07,54467.418030460765,54926.54799243993,54514.101295189685,54604.10386678885,54604.10386678885,16264.512595705995,0.008865456961615559,0.008826389528692052,0.02873376095634162
2024-11-08,53692.95280914136,53813.06394492974,53382.266238384116,53633.69608175663,53633.69608175663,48990.40325344781,-0.017771700592314588,-0.017931513526037616,0.028767664653001557
2024-11-09,51482.44553638455,51806.59082912599,51645.817682141584,51752.884699544826,51752.884699544826,43701.52917594548,-0.03506771898294658,-0.03569735521740123,0.02918570711090855
2024-11-10,50615.86476668455,50857.09166700399,50607.16249827901,50678.85322192093,50678.85322192093,30035.064235583966,-0.020753074613314104,-0.020971446204530186,0.028430893389910752
2024-11-11,51206.64926191467,51685.83972642568,51109.285391016725,51255.47664615982,51255.47664615982,49256.85699688101,0.011377988797691918,0.011313746323991214,0.02837088861866853
2024-11-12,52063.91777773989,52144.41575898125,51849.00072514804,52000.58509513277,52000.58509513277,13895.069164320168,0.014537147983556542,0.014432496649871967,0.02616915353648726
2024-11-13,52928.94811464896,52968.91107714681,52789.58348162323,52926.685029381275,52926.685029381275,22122.630447004063,0.017809413731677326,0.0176526842275602,0.021015122676017937
2024-11-14,53580.48331080002,53918.47552161589,53351.317849526364,53721.03961618565,53721.03961618565,35528.976601624454,0.015008583786485064,0.014897069390488602,0.021710003563488532
2024-11-15,52662.41435690477,52787.165062904925,52725.800880386625,52760.913669486465,52760.913669486465,24000.27473892715,-0.01787243794161253,-0.018034078800856067,0.021722135757097027
2024-11-16,50989.784726159996,50985.28710179701,50836.18576425368,50969.91672520526,50969.91672520526,47134.90207923167,-0.03394552557411468,-0.034535054614350844,0.021440917217591404
2024-11-17,49925.668291788104,49978.546222336176,49913.961518066775,49933.57502597456,49933.57502597456,12625.043527112703,-0.02033241892110471,-0.02054196784058233,0.021380024174385573
2024-11-18,50472.17600748464,50660.088934612904,50270.91406207561,50530.08841844821,50530.08841844821,31976.473282438583,0.011946138287982633,0.011875346413287502,0.021439900810022273
2024-11-19,51812.31784464359,51894.13215798813,51716.63474607304,51860.40122359479,51860.40122359479,33634.65069580458,0.02632714184329199,0.025986547625292695,0.023321060520334762
2024-11-20,53141.05830591093,53159.82963610888,52922.44044361954,53071.441506195,53071.441506195,36109.12495108896,0.02335192659576313,0.023083442077756793,0.02411312616366092
2024-11-21,53540.31741624993,53810.16648902542,53553.14721431351,53592.08667353685,53592.08667353685,20226.648933272576,0.009810269941152416,0.009762461663443493,0.0236729081457178
2024-11-22,52048.532494563144,52339.5280949153,52044.50398354435,52057.34161896605,52057.34161896605,24582.65710079458,-0.028637531207170497,-0.029055586019453728,0.02531261033615543
2024-11-23,50779.45637952648,50582.18034717528,50544.11222382875,50562.462720718424,50562.462720718424,43747.221186599105,-0.028716005307942938,-0.02913637694285659,0.024255328250499433
2024-11-24,48523.24398914789,48669.38217742525,48615.16417355095,48665.61225283628,48665.61225283628,17797.710758806395,-0.03751499364972366,-0.03823679075942794,0.02723671050028208
2024-11-25,49417.72833813457,49744.55549594334,49579.66680266764,49602.912611292035,49602.912611292035,43074.71388693448,0.019260013694806233,0.01907688724076404,0.028049343511282257
2024-11-26,51517.76296427975,51486.047224052585,51396.46136116578,51439.403997799884,51439.403997799884,32506.216916109697,0.0370238619030161,0.036354939496650626,0.030086430543093793
2024-11-27,53099.747204128704,53358.238837040764,52851.98789874568,53167.61151025812,53167.61151025812,40487.50044776329,0.03359695832658072,0.03304491124637953,0.031663546143514215
2024-11-28,54049.85578924951,54139.10437506413,53884.58960490073,54081.67954202377,54081.67954202377,38544.29465053886,0.017192196636279133,0.01704608312102567,0.032137348645079014
2024-11-29,53790.74246067871,53991.34557341991,53695.027179992445,53868.85809849182,53868.85809849182,18300.45981539516,-0.003935185544054254,-0.003942948759843223,0.029492720029311515
2024-11-30,52651.05784081926,52749.338559937234,52585.92994969124,52677.037854896014,52677.037854896014,32752.509457354914,-0.02212447572986842,-0.02237289284498281,0.028308106410842356
2024-12-01,50870.89588467658,50939.787314931076,50533.19390782128,50711.042073466946,50711.042073466946,44708.9261122037,-0.03732168439016248,-0.038035967008003,0.028258387846230675
2024-12-02,50574.18897575379,50515.68807104728,50302.916018244425,50493.97612989198,50493.97612989198,27284.649472077173,-0.004280447308901647,-0.004289634650143737,0.02784867378660675
2024-12-03,51867.98183753415,51788.405484474344,51606.550127839495,51781.75948634545,51781.75948634545,48663.63080893267,0.02550370272170177,0.025183909173903486,0.02575633375303676
2024-12-04,53253.37495117293,53436.621028206704,53100.463521601996,53394.997656752195,53394.997656752195,28088.604004068722,0.031154564588175893,0.030679110954698677,0.025256532028045762
2024-12-05,53961.43433312444,54102.25720906751,53955.75358158588,54076.549706779726,54076.549706779726,15711.425466715387,0.012764342727550337,0.012683565160390653,0.02483190063099343
2024-12-06,52384.21126849119,53044.48894353927,52622.20940336767,52668.11913443974,52668.11913443974,25577.38720310693,-0.026045126399094398,-0.026390307418146516,0.02678273797333806
2024-12-07,50981.55915846513,51172.2422221216,50734.60040806831,51062.4972405734,51062.4972405734,48068.09625562149,-0.030485650907104755,-0.030960003900555512,0.027943912876304655
2024-12-08,49734.917427272034,49657.81608886169,49560.752887421295,49639.24710863347,49639.24710863347,22788.83397359417,-0.02787270910849693,-0.028268525388602278,0.026248517597685504
2024-12-09,49807.90539850518,49788.18202532983,49556.89664481446,49756.210746930345,49756.210746930345,44723.926394682516,0.002356273414882981,0.0023535017556842283,0.026303893859884797
2024-12-10,50630.92151751231,50858.60787199272,50559.77376796189,50653.072843807524,50653.072843807524,45250.02726727559,0.018025128590253736,0.017864602097013068,0.025135864474040127
2024-12-11,51789.418837681595,52044.79043422634,51663.55290701324,51791.6488660534,51791.6488660534,24007.460973278445,0.022477925984011993,0.022229020422094622,0.023327126275111434
2024-12-12,51469.64054878072,51711.76407268116,51500.428481838695,51538.52910303826,51538.52910303826,13330.306322025284,-0.0048872698312767415,-0.004899251589142061,0.02212174185873708
2024-12-13,50025.50969902654,50198.925250891705,49940.22240514204,50005.03381078636,50005.03381078636,38982.31636635273,-0.029754347260979586,-0.030205989300726304,0.02270106053674869
2024-12-14,48909.43726093347,48918.28830535975,48603.311155022275,48832.84943298541,48832.84943298541,22460.49196055944,-0.023441327571867454,-0.023720446058589317,0.021625514123497037
2024-12-15,47151.00264406508,47441.836784774896,47295.54943287935,47312.59132280613,47312.59132280613,41316.94457030289,-0.031131873888816664,-0.03162676911734807,0.022198477837420776
2024-12-16,49081.46966380125,49406.567073539416,48453.27770083737,49051.50489501751,49051.50489501751,27706.193930417325,0.036753716581428675,0.03609440497653788,0.027654011929463623
2024-12-17,50991.599977855054,51137.08385711088,50860.97725912719,50898.35649075959,50898.35649075959,29410.669693704862,0.03765127287521142,0.0369597676751007,0.030803698985542798
2024-12-18,52549.457169011956,52774.79803263029,52264.872549165266,52590.96719790829,52590.96719790829,41116.37626994147,0.033254722231669476,0.032713744669446834,0.03228421845640043
2024-12-19,52654.5809088226,52784.62731121914,52343.31194430118,52584.510847610545,52584.510847610545,25294.533242465113,-0.0001227653842806875,-0.00012277292056727936,0.03214913817162822
2024-12-20,52170.57256599894,52023.23116336702,51733.62565099879,51889.107121551686,51889.107121551686,27725.09381291658,-0.013224497382397171,-0.013312719708448249,0.029839351205564472
2024-12-21,49891.84865302925,50180.7759923408,49808.94873593472,49902.28293232794,49902.28293232794,25047.618750784888,-0.03828981263002962,-0.03904213423467639,0.03264972985436542
2024-12-22,48957.05987888796,48967.738476807215,48613.52792845555,48917.72917388743,48917.72917388743,24693.6206110912,-0.019729633607657893,-0.01992686129271415,0.03086646593221221
2024-12-23,50546.68827444852,50678.23270867063,50430.710678649695,50620.49398281466,50620.49398281466,31037.863076058376,0.0348087459839852,0.034216623153302435,0.03054197452869238
2024-12-24,52190.78179451402,52224.72104600806,51823.184038670704,52172.656678253814,52172.656678253814,42351.97778004603,0.030662733081310956,0.030202025505129793,0.029385553701576295
2024-12-25,54393.513149196166,54374.34773499205,54161.04767384586,54347.48598669794,54347.48598669794,24470.732476902635,0.04168523220613807,0.04083981727932136,0.030921384177295796
2024-12-26,54438.1045479549,54580.781968559844,54371.3092564841,54418.62031392789,54418.62031392789,30970.18882150947,0.0013088798117977252,0.001308023975326847,0.030885697053443472
2024-12-27,53253.59787094541,53514.26514702673,53128.443373479706,53355.56740291629,53355.56740291629,36829.09301770403,-0.019534727357641612,-0.01972805198178204,0.03160088412952411
2024-12-28,52562.59862176151,52891.668839276594,52320.70374214663,52541.96244462896,52541.96244462896,20777.577852146198,-0.015248735940588287,-0.015366193497102582,0.02732145953414804
2024-12-29,51329.13984384364,51443.78829854751,51018.01741766634,51182.920249971874,51182.920249971874,21100.9121960957,-0.02586584382129431,-0.026206247474719273,0.028424657723415788
2024-12-30,52556.73064521459,52844.36546637028,52390.149124115196,52511.86706876314,52511.86706876314,47336.52508093819,0.02596465407407056,0.025633295934951193,0.027141400246890584
2024-12-31,54562.13440069951,54672.44492266067,54360.14014017953,54465.93568179233,54465.93568179233,38941.38293324354,0.03721194316839638,0.03653628943327393,0.0282412429791339
2025-01-01,55761.19374214524,56010.23596651202,55573.58341059445,55784.8949391465,55784.8949391465,33087.467048932354,0.02421622323831829,0.023927659833300096,0.02522492969802218
2025-01-02,56598.811372409575,56742.01463451024,56279.20473504814,56523.8213484672,56523.8213484672,35908.80217682448,0.013245994460091115,0.01315903335793528,0.025414869913578948
2025-01-03,55992.46669133912,56046.702765108384,55912.7690274435,55964.539907517465,55964.539907517465,11171.977724136734,-0.009894614829768611,-0.009943891851964792,0.024042918996207523
2025-01-04,54481.348539552266,54797.580546218174,54505.938618849614,54576.43961252099,54576.43961252099,34724.118622467875,-0.024803211056328545,-0.025115993536173626,0.02573417744529104
2025-01-05,52777.62068729241,52788.75279287027,52631.698313529785,52745.76858681252,52745.76858681252,30380.354928968078,-0.033543247575433144,-0.03411872792097618,0.027413746990618614
2025-01-06,52705.752872348814,52866.52939552999,52440.801878583145,52804.922538692845,52804.922538692845,31829.987191177428,0.001121491893382176,0.001120863491136848,0.025748680676097892
2025-01-07,54218.06783872984,54437.28797267219,54227.344394540036,54281.35586621832,54281.35586621832,24376.953073232682,0.02796014569368266,0.027576397500980433,0.023744297422777897
2025-01-08,55863.26462769908,56106.393546193765,55461.88080188588,55844.33179696984,55844.33179696984,13258.955908517675,0.028793973654667404,0.028387216838909605,0.02457859355312552
2025-01-09,56607.11481287616,56856.52714769614,56563.66357632106,56577.39038553815,56577.39038553815,17733.569344482086,0.013126821737852401,0.013041411643487185,0.024568261020302854
2025-01-10,55501.758973733995,55733.11582555737,55347.01921247515,55620.68222024171,55620.68222024171,48029.78852850687,-0.01690972593074891,-0.0170543277827496,0.02519304306106314
2025-01-11,53359.40334189966,53295.849139530284,52856.549564935216,53254.00476478138,53254.00476478138,26347.982490837356,-0.042550313318505895,-0.0434821058546966,0.028684790067302787
2025-01-12,52455.745652351296,52735.23266296544,52216.27248008631,52398.54502452125,52398.54502452125,28667.326233234566,-0.01606376354301664,-0.01619418437811107,0.026255240603573447
2025-01-13,53056.08759339499,53287.73445025531,53105.40967870178,53126.560436956075,53126.560436956075,12108.39159413756,0.013893809686779113,0.013798175510258108,0.026835924638965385
2025-01-14,54852.889826577964,55199.61863284237,54753.90697069195,55006.64830622288,55006.64830622288,11502.649181759223,0.035388849829603775,0.03477705647809732,0.028184528438666253
2025-01-15,57132.74085639353,57470.34787901132,56977.96811880852,57147.23131430167,57147.23131430167,38687.257881870304,0.038914987078691565,0.03817688690105936,0.02997641980860028
2025-01-16,57942.32055998283,58233.784705744925,57878.21905563492,57986.91493136894,57986.91493136894,31523.786564844453,0.014693338552993485,0.01458643733899691,0.030064366736519972
2025-01-17,57182.260350925266,57289.43915705055,57130.984218476224,57170.946305219964,57170.946305219964,30348.239368650666,-0.014071599206730068,-0.01417154284448518,0.029754342488600576
2025-01-18,55400.54650727021,55442.139324777556,55384.05415711904,55436.85817338577,55436.85817338577,19724.981216906748,-0.030331632479483117,-0.03080115509623605,0.02675390261009595
2025-01-19,53360.07335478993,53616.85127262835,53306.34834084308,53560.81904086443,53560.81904086443,39790.02926519689,-0.03384100748736141,-0.03442686979042369,0.029866732830318134
2025-01-20,54159.51599639348,54360.27139420793,54051.85226966764,54198.3506902236,54198.3506902236,16729.463164339675,0.011902948102282762,0.011832665181769928,0.02976078485158184
2025-01-21,55871.8252679996,55987.19938799925,55844.642446541424,55902.38717910643,55902.38717910643,17597.3897464408,0.031440744361806106,0.030956605792609754,0.029079504044894875
2025-01-22,57701.735345483015,57733.13711241979,57307.39175575995,57638.36924300561,57638.36924300561,28428.48685393102,0.03105380917521905,0.030581394919482367,0.027558599679381113
2025-01-23,57352.8975274272,57425.60794906396,57230.70823583241,57422.717494888304,57422.717494888304,21451.194484477637,-0.0037414616504521936,-0.0037484784255575766,0.02696770901204371
2025-01-24,56004.498026258276,55945.887408521754,55812.088772201874,55836.63055892102,55836.63055892102,19898.519249325855,-0.027621244781884102,-0.028009884559464467,0.028498138173222304
2025-01-25,54473.03765441741,54665.48616344477,54645.527234627254,54664.201709482586,54664.201709482586,35809.50578213327,-0.020997485659548176,-0.021221068180714443,0.027195819643040735
2025-01-26,53729.98221657115,53686.14264489621,53372.82472185611,53598.86546679089,53598.86546679089,36038.86980874178,-0.019488736858419897,-0.019681146270886567,0.024803389290641867
2025-01-27,54339.90645818223,54384.2603160552,53880.003020154356,54362.33835527004,54362.33835527004,42980.68279199717,0.014244198675290809,0.014143703270748858,0.02499992621921371
2025-01-28,56062.64867587089,55994.362780477604,55673.41137758582,55976.69018863654,55976.69018863654,26708.342678919034,0.02969614409918031,0.02926375298984334,0.024648600357607065
2025-01-29,57599.74105209163,57665.763109662184,57471.33723960727,57591.76090368576,57591.76090368576,12923.40364104601,0.028852558263208872,0.028444160155119212,0.024203091944074627
2025-01-30,58597.58090006934,58535.38455900022,58469.21797421005,58483.6253464668,58483.6253464668,20946.655396858307,0.015485972798653602,0.0153672888445782,0.024774165150872413
2025-01-31,57141.30812013969,57499.77375069592,57137.60252261475,57180.04431659498,57180.04431659498,49200.218527872676,-0.022289675480088422,-0.022541844518175966,0.0237404858275368
2025-02-01,55419.23738644282,55641.28331854885,55338.715736956154,55529.0994289606,55529.0994289606,33850.34300930808,-0.02887274585681343,-0.02929776454736587,0.025241925059910502
2025-02-02,54394.45354757178,54311.499182450505,54236.9070151409,54252.403118844675,54252.403118844675,38389.48339204081,-0.02299148236231041,-0.023259908822096626,0.025779885175669454
2025-02-03,54446.52948033311,54597.26842582347,54406.32703689278,54457.87754492133,54457.87754492133,10294.313185016581,0.0037873792544551588,0.003780225191390376,0.025250880662566855
2025-02-04,55925.639975850674,55970.248026439454,55655.13201339192,55903.48412848825,55903.48412848825,30728.229287300834,0.026545408097744305,0.02619919234625313,0.0246655073150572
2025-02-05,57738.21885101097,57849.36858712381,57547.90837615751,57614.74365960649,57614.74365960649,11501.146301272125,0.030610963838767047,0.030151795161985993,0.025013938889490953
2025-02-06,57694.89636435832,57872.020327007376,57767.04007880281,57798.09188856776,57798.09188856776,32769.208483657916,0.0031823144097371525,0.003177261564226654,0.0241897676368585
2025-02-07,57439.960375355186,57401.87171439211,56998.84977401578,57380.41128559126,57380.41128559126,46830.833985443016,-0.007226546574959025,-0.0072527845456891015,0.022645845214345577
2025-02-08,55175.11288273035,55323.64574353869,55062.025356220736,55234.10235837664,55234.10235837664,48736.765220016314,-0.03740490664195684,-0.03812241940635697,0.02464539365671087
2025-02-09,54081.890934968294,54409.28310094643,54012.3867638484,54095.10787053273,54095.10787053273,31622.107015556965,-0.020621218399707875,-0.0208368046409736,0.024298712274714904
2025-02-10,54305.19277772699,54523.31837497052,53920.42734972052,54297.964881188556,54297.964881188556,28328.192210088637,0.0037500065836142404,0.0037429928378522785,0.024297704238920526
2025-02-11,56471.62428252204,56860.43146994654,56510.33584375998,56621.64646866673,56621.64646866673,47800.68376993976,0.04279500332218178,0.0419046114682824,0.02779900155015683
2025-02-12,58242.2327979418,58348.70512117659,58053.02018840386,58320.11650222384,58320.11650222384,36944.3932798678,0.029996832297997766,0.02955572679797811,0.02769500225480502
2025-02-13,59393.86860099237,59605.264311648076,59161.55405386753,59258.761311751055,59258.761311751055,12595.971181536379,0.016094700522270466,0.015966553988047926,0.028206924848808063
2025-02-14,57559.04157832782,57916.68248870787,57160.96166168167,57470.422459469344,57470.422459469344,28629.023106699904,-0.030178471717853483,-0.030643215874918656,0.030920920682778887
2025-02-15,55898.67835856638,56032.55253658725,55688.40410552169,55904.9423162991,55904.9423162991,19609.800738572158,-0.027239753531902222,-0.027617633666810987,0.029016845218918685
2025-02-16,55328.51139419885,55404.36794333645,55209.974117983984,55304.19904834756,55304.19904834756,28792.172857947262,-0.01074579890544658,-0.010803951978536206,0.027949308206921503
2025-02-17,55738.6393322145,56128.27512960869,55749.33634503031,55768.063582778144,55768.063582778144,28218.62288025447,0.00838751021464157,0.00835253050982414,0.02801122481149393
2025-02-18,58036.65475419492,58009.53117555893,57635.83708610368,57900.99641561212,57900.99641561212,33285.79211258968,0.03824649263046398,0.03753322536791657,0.02700009030748501
2025-02-19,59222.509578083846,59400.10158624491,58985.11212214641,59242.544835863264,59242.544835863264,24270.81961397005,0.023169694880922798,0.022905352861977608,0.02598815587900203
2025-02-20,60393.12530496253,60494.11061539927,60090.51745872645,60369.94109574905,60369.94109574905,16570.817978237123,0.0190301794598684,0.018851370543795407,0.02626565834543857
2025-02-21,60588.43450620963,60507.460255512386,60357.111626526224,60473.83149179543,60473.83149179543,30148.77738359825,0.0017208960976391463,0.0017194170525618598,0.021976411103954877
2025-02-22,58515.66978698613,58687.82505101015,58385.73116526686,58593.406935470724,58593.406935470724,43208.115373830486,-0.031094847307298945,-0.031588553520170384,0.023016084122809168
2025-02-23,57480.97592745675,57720.95697108221,57021.22779391168,57325.097009007055,57325.097009007055,36560.48912270409,-0.021645949481320814,-0.021883659613608282,0.024719271107857474
2025-02-24,58321.4656463844,58624.093838582245,57908.08066773662,58474.51178735874,58474.51178735874,23534.714637008634,0.020050812616524416,0.019852442346099723,0.02533934842275004
2025-02-25,61027.454718636654,61079.03911067334,60774.25873384358,60864.49050552538,60864.49050552538,47420.92091035429,0.040872144890371054,0.04005896258016821,0.025891219413576652
2025-02-26,62165.98557885488,62251.10251007231,62092.9049772679,62203.25313725008,62203.25313725008,46488.30284996729,0.021995791316172575,0.021757373687096536,0.02577592559939262
2025-02-27,62391.61239371267,62830.69880244519,62175.82991854743,62415.882268495196,62415.882268495196,18373.93597536395,0.003418295997734244,0.0034124669039051637,0.025259583096122574
2025-02-28,61040.43028118342,61413.308216619,61136.79902588463,61229.431298301715,61229.431298301715,11576.70340481452,-0.019008799156113976,-0.01919178903509871,0.026877620511266586
2025-03-01,58812.72129494195,59364.25827122898,58775.91544525651,58858.200766679714,58858.200766679714,39652.34833403049,-0.038726972982480845,-0.03949680316440121,0.028550586616330056
2025-03-02,57249.3354745716,57410.51697205031,57122.535980823144,57353.31612767429,57353.31612767429,43104.41045396613,-0.025567968769058202,-0.02590050979284722,0.02910208007298598
2025-03-03,57213.203649553856,57494.16021109092,56900.019944152125,57273.96828409121,57273.96828409121,48714.58263805421,-0.001383491817743332,-0.0013844497261557827,0.027792111575977864
2025-03-04,58476.53105026159,58881.931637684596,58412.55799180387,58490.262146840476,58490.262146840476,45593.45576353243,0.021236416808351644,0.021014066548764792,0.023297168159991468
2025-03-05,60168.891509895664,60319.022267338856,60035.02757046337,60073.112348448376,60073.112348448376,34021.39072825659,0.02706177308000668,0.02670207819304724,0.02434632734672242
2025-03-06,60633.70258964956,60712.28209915681,60523.098510252494,60612.9422545095,60612.9422545095,31202.09356849523,0.008986215046257184,0.008946079282365202,0.024743859214635035
2025-03-07,60373.40150049332,60435.695926509215,60240.67249651503,60342.6338351532,60342.6338351532,11113.642050503451,-0.004459582546270213,-0.004469556147625335,0.023859925337897412
2025-03-08,58034.89959979438,58165.64120953976,58137.563336337764,58144.451538678935,58144.451538678935,19866.257873791114,-0.036428345214088,-0.03710842462892277,0.023276271637079165
2025-03-09,57502.97866319376,58119.922741557435,57093.38860147143,57591.05407215403,57591.05407215403,28384.59006931706,-0.009517631551770211,-0.00956321365998644,0.021209960171842342
2025-03-10,58086.65469166923,58207.37625551313,57775.13250736733,57906.7821898341,57906.7821898341,35140.15600334271,0.005482242385848712,0.005467269593118525,0.021251672304555762
2025-03-11,59408.72287683303,59532.99091260827,59391.54123779846,59482.242980309355,59482.242980309355,32290.073332736425,0.027206844015446485,0.02684331671898654,0.022259268248735642
2025-03-12,61585.46619689968,61513.38400604703,61223.386564843015,61419.84537169395,61419.84537169395,39705.439587267625,0.0325744675100097,0.032055166748653885,0.02333949426170547
2025-03-13,61256.90078081762,61498.36416569358,61269.41005638779,61281.20690070571,61281.20690070571,21190.677235481635,-0.002257225985334954,-0.0022597773599852236,0.02327829139045061
2025-03-14,60427.081901648766,60446.449738728596,60337.478607873876,60426.85310803442,60426.85310803442,32598.10430609893,-0.0139415301342809,-0.014039626071028849,0.02396888495406045
2025-03-15,58918.11045205907,58872.6840439369,58742.56409586452,58811.073936036075,58811.073936036075,13525.689735631686,-0.02673942277135577,-0.027103424604422423,0.021652454082354507
2025-03-16,58138.93014447081,58090.0706157613,57977.64814807763,58011.74090227694,58011.74090227694,26546.62094332828,-0.01359153948843883,-0.013684750007836054,0.0220592163569895
2025-03-17,58567.96650799571,58632.873152272645,58386.5012509667,58579.04776402362,58579.04776402362,40006.43331818404,0.009779173197066005,0.009731666548927001,0.022255603277037152
2025-03-18,61368.06617392838,61475.52893438002,61365.568223341324,61406.89047928053,61406.89047928053,37736.03413716176,0.04827396182075927,0.04714496568728328,0.027142207165257098
2025-03-19,62682.62108760395,62812.52751042738,62566.16989853833,62688.21313245617,62688.21313245617,49625.70948688716,0.020866105467560958,0.020651390002597043,0.025459042355506133
2025-03-20,62879.232947571436,62919.359261956946,62814.04260255453,62845.43719474822,62845.43719474822,21115.64503951024,0.002508032282876549,0.0025048924187352113,0.02535233335844403
2025-03-21,61577.43863445972,61563.72834455319,61371.002011859964,61488.30826577275,61488.30826577275,29927.571966959167,-0.021594709012365376,-0.021831286827767683,0.026392612549684263
2025-03-22,59511.987415986965,59517.41699282455,59466.72114922939,59511.56443008755,59511.56443008755,23181.21655095987,-0.03214828788492696,-0.03267639340410851,0.027458738270435063
2025-03-23,58209.20083047335,58372.522250825474,58004.39024254372,58147.31220067104,58147.31220067104,27624.12456236699,-0.02292415335542375,-0.023190997767749147,0.02854766748588002
2025-03-24,59328.37897924465,59174.82175073525,58754.554750302064,59164.54300601756,59164.54300601756,44278.00519477553,0.017494029678207124,0.01734277067927267,0.029101058310114707
2025-03-25,61513.11873654041,61829.594268955305,61243.17296232275,61474.98777531393,61474.98777531393,37368.36300753946,0.03905117240678058,0.03830796249886188,0.02675994967585266
2025-03-26,62820.972559341,63042.19157388331,62722.556326004305,62789.80727374052,62789.80727374052,45297.64765390327,0.021387877346672246,0.021162366497053466,0.026826891541853692
2025-03-27,62644.46094447238,62977.49848715391,62711.25404033334,62796.35202698139,62796.35202698139,18140.44433327546,0.0001042327333851123,0.00010422730153120588,0.026812869388152215
2025-03-28,61723.42812572863,62117.2544071413,61747.05175468249,61986.501139411535,61986.501139411535,44934.44471365752,-0.01289646390958965,-0.012980345262603655,0.02581780223524214
2025-03-29,60050.22191408878,60130.516599974464,59737.04960171967,60011.384341165765,60011.384341165765,12390.490967135378,-0.031863660021778095,-0.03238235453863945,0.02575624044392876
2025-03-30,59272.809161152305,59557.17920291456,59140.40338379488,59282.29158428039,59282.29158428039,45543.9712174861,-0.012149240763060343,-0.012223646047890882,0.024337669504919904
2025-03-31,59754.99736700747,60233.610477294686,59748.765895323806,59806.475634498944,59806.475634498944,23162.951178429117,0.008842169157265545,0.00880330610069724,0.02369110149251391
2025-04-01,60673.14924272025,61276.34592903361,60492.04551807673,60648.796222301615,60648.796222301615,22583.50533656266,0.014084103416332816,0.01398584395465554,0.018443266682759953
2025-04-02,63016.70109534844,63233.95283008135,62675.754153100774,63022.741468268134,63022.741468268134,30483.543067946557,0.039142495710303704,0.038395849691458955,0.02285442860354289
2025-04-03,64456.180869672105,64388.050627434546,64172.04842584336,64343.40284460872,64343.40284460872,47627.60750892927,0.020955314630442423,0.020738771947031682,0.02408179211047367
2025-04-04,63000.06092042925,63002.42863372661,62880.34047770598,62991.44983360335,62991.44983360335,11911.254587256215,-0.021011524899769096,-0.021235408635085145,0.02518565469459252
2025-04-05,61023.90144902326,61155.7045925018,61057.715971209676,61098.593777530274,61098.593777530274,24089.23900282981,-0.0300494124372942,-0.030510149439232206,0.02477827381757367
2025-04-06,60294.984431025514,60300.192292805456,59955.537901914366,60195.967807129586,60195.967807129586,44262.87954733343,-0.014773269147360324,-0.014883480691489103,0.025060905251713624
2025-04-07,60764.20563442133,60914.96185910596,60706.7825995647,60785.91874191595,60785.91874191595,25842.17909741867,0.00980050585242842,0.009752792385738005,0.025104188966723506
2025-04-08,62768.03719192087,62826.50441675433,62651.89287130361,62715.38352355364,62715.38352355364,17966.27590388268,0.03174196954774655,0.031248606288784873,0.027247048645084867
2025-04-09,65272.93736761903,65338.59457448936,65254.10635736181,65320.67843823831,65320.67843823831,26991.767253256472,0.041541560751298334,0.04070188562871739,0.027756713503621466
2025-04-10,65589.9446757344,65694.39504834561,65636.24999250415,65654.92736428414,65654.92736428414,25422.100059666773,0.005117046148898519,0.005103998559403542,0.026915672827218795
2025-04-11,64218.63689927035,64240.47473298248,64104.35365376211,64210.22007625178,64210.22007625178,46616.648058668135,-0.02200455237756116,-0.022250263740935625,0.027066713613555286
2025-04-12,61822.838050494014,61860.53684221018,61518.66112430349,61821.555186139645,61821.555186139645,40477.37502972389,-0.037200696201874384,-0.037910296174722136,0.028615066679686062
2025-04-13,60458.51420394198,60637.28551977871,60346.21285813745,60410.5315004053,60410.5315004053,30204.622229760254,-0.022824137656936472,-0.02308864073961953,0.029549619160224604
2025-04-14,60789.82597843025,60935.401898217395,60465.703939431776,60816.690553761226,60816.690553761226,49534.82266886284,0.006723315343669878,0.006700814655575304,0.029417416663717753
2025-04-15,63130.52615244433,63902.23985775422,63310.481804664676,63314.162130821365,63314.162130821365,28611.101251036933,0.041065562008054446,0.040244767484511855,0.03122625040585451
2025-04-16,64612.27173824595,64786.72928191074,64610.49630315528,64655.54912660479,64655.54912660479,12329.513232811008,0.021186207803110646,0.020964900421592006,0.027648557211819583
2025-04-17,65269.54748893153,65229.11288116091,65051.62109119378,65190.16564221715,65190.16564221715,20490.972872599395,0.00826868726403518,0.008234688955182895,0.027792599725175043
2025-04-18,64106.65792049334,64140.137279706825,63882.52942910831,64136.39552841765,64136.39552841765,27442.819208772504,-0.01616455646980408,-0.016296628099504853,0.027125563184865805
2025-04-19,63006.948548785374,63109.290579654604,62691.083957410905,63031.58688903683,63031.58688903683,16276.104965844805,-0.01722592344453311,-0.017376015814185214,0.02332595648644475
2025-04-20,63348.132086800804,63474.31698020741,63209.02867692565,63249.49443621021,63249.49443621021,47902.60505296172,0.003457116628794221,0.003451154538245167,0.0204084679219967
2025-04-21,63335.585266816954,63596.287881967415,63080.411209725025,63406.78258954285,63406.78258954285,40673.955912710924,0.002486789099812814,0.0024837021564582443,0.020472407169788626
2025-04-22,64607.97519176068,64916.83104714969,64615.648914480174,64762.25551358497,64762.25551358497,20731.488017110903,0.021377412142430163,0.021152120381852643,0.015664471150526642
2025-04-23,66868.46548546835,66965.9390548458,66520.91621290933,66884.5285974209,66884.5285974209,33632.181340716634,0.03277021572219252,0.03224472175548461,0.01826068425616635
2025-04-24,67599.7794869022,67842.52822893533,67493.16578322012,67648.19688202707,67648.19688202707,38857.966284382885,0.011417711997384394,0.011353021866926143,0.018393064137492945
2025-04-25,67429.36724715652,67801.91551208963,67415.38386196138,67525.99187913185,67525.99187913185,47651.15715627192,-0.0018064783472105939,-0.0018081119969517835,0.01625819680450967
2025-04-26,66101.4128501001,66244.29414060796,66072.14580481935,66118.95069568997,66118.95069568997,45265.41396701642,-0.020837030960765612,-0.021057185505318952,0.017203212157065825
2025-04-27,64942.89654925783,65066.2246790097,64844.04026091826,64893.74598453315,64893.74598453315,30607.689045528547,-0.01853031087555801,-0.018704147938673612,0.019769675803556375
2025-04-28,65610.86708351546,65802.42094874746,65371.68960797747,65611.79593967224,65611.79593967224,40986.1047917207,0.011065010106062312,0.011004240746530981,0.019936992236630646
2025-04-29,67797.03848253362,67868.95745928446,67738.2684012954,67766.340375265,67766.340375265,32485.7901531034,0.03283776041694986,0.03231012109123627,0.021876035523373038
2025-04-30,69958.11488101653,69921.7932685346,69383.36017044756,69776.774111165,69776.774111165,32108.155601821603,0.029667143374822125,0.029235588241509233,0.021283164287599785
2025-05-01,70418.84578035583,70556.36932393457,70229.69637417018,70453.13366651158,70453.13366651158,14589.678333527676,0.009693190376915961,0.00964651280109375,0.021223396641739976
2025-05-02,69968.7472090074,70069.20866458752,69903.74319510438,69940.91234554294,69940.91234554294,15045.506320646084,-0.007270383790070056,-0.007296941833369561,0.02165499118742739
2025-05-03,68775.633528401,68912.9393735957,68764.5550680278,68826.55486466091,68826.55486466091,31181.344600898297,-0.015932841644623497,-0.016061133897678576,0.020730614266772692
2025-05-04,68387.4397224277,68632.15759946193,68460.75799663643,68472.0756944164,68472.0756944164,20754.461799160264,-0.005150325640176923,-0.005163634282838994,0.018607200004911686
2025-05-05,69160.66241266229,69370.01144396678,68975.35902004533,69219.15317800407,69219.15317800407,10841.476098418745,0.010910688423143355,0.010851596297509309,0.018602838897296994
2025-05-06,70687.91092599476,70973.56945744186,70345.5664103392,70735.78678314693,70735.78678314693,38913.56815600849,0.02191060617633811,0.021674018461056543,0.016492627450339074
2025-05-07,72445.28385141963,72550.99704110515,72380.6186843639,72409.33627166493,72409.33627166493,11299.463867606599,0.0236591627042837,0.023383622289220782,0.015175278036556904
2025-05-08,73670.22087338215,73505.6029362204,73071.71744963464,73435.31329471208,73435.31329471208,33811.073644162185,0.014169126191101888,0.014069682376384892,0.015477471643987953
2025-05-09,71909.6824498277,72195.31684111856,71829.34433435845,71981.28679345528,71981.28679345528,31567.751765092577,-0.019800099380273162,-0.019998747894445692,0.017820806674701213
2025-05-10,70424.95564122532,70471.92242363667,70447.72642889846,70466.61817178686,70466.61817178686,48752.58762311218,-0.021042533263049945,-0.0212670830165079,0.018859772076169345
2025-05-11,69218.07779854875,69400.76503010541,69140.46810545505,69224.39009985987,69224.39009985987,29368.525573905667,-0.017628603502705786,-0.017785837956444346,0.020347195775894014
2025-05-12,69701.06493599107,69694.09844390885,69488.70845900214,69661.4850511201,69661.4850511201,12544.057455111895,0.006314175547515788,0.006294324658603996,0.020074242888292494
2025-05-13,71927.2587089205,72049.88415668631,71645.01064139347,71900.90362772503,71900.90362772503,32067.51871225847,0.03214715527470546,0.03164124921450342,0.022113615436438028
2025-05-14,73725.05538643114,73731.6814620312,73388.30087422456,73596.64580703633,73596.64580703633,43643.84682464405,0.02358443487847106,0.023310618933944392,0.022101738822314258
2025-05-15,73799.94741385392,74071.49035505056,73925.87776030507,74042.58662090744,74042.58662090744,49873.9713712576,0.00605925458940515,0.00604097112525222,0.021597028346698445
2025-05-16,72078.4068976347,72475.58386885427,72291.19643528158,72317.09988465428,72317.09988465428,27213.7269475629,-0.02330397700836051,-0.023579808420235847,0.022201770901451378
2025-05-17,70941.633574362,71052.81369749083,70875.24993450398,70991.22139156301,70991.22139156301,22811.9496998697,-0.018334232086270608,-0.018504387102775653,0.021775661035225383
2025-05-18,70378.13483512461,70647.127749761,70127.02630277276,70268.40481637024,70268.40481637024,46266.131878079956,-0.010181774042257508,-0.010233962855601941,0.020861649067565182
2025-05-19,71616.18991465533,71815.41345929047,71601.64358601175,71772.75471781589,71772.75471781589,17649.685163044855,0.021408624621220618,0.021182679117061478,0.02208668308262381
2025-05-20,72918.29501167135,73219.29934071317,72889.16206677594,73219.05824564073,73219.05824564073,34617.15660131707,0.02015114974353671,0.01995080234079076,0.0199438876308666
2025-05-21,74985.9439953959,75092.24378098761,74714.70394277814,74928.82605477398,74928.82605477398,26228.57696723791,0.02335140399371416,0.023082931400863708,0.01990350564747171
2025-05-22,75500.60615879252,75608.08957010873,75330.31994246076,75476.24043642225,75476.24043642225,11643.294598222212,0.007305791515378912,0.007279233493679653,0.019943732385137625
2025-05-23,75110.3875698607,75406.92243806596,75147.12494708603,75219.40841054065,75219.40841054065,23891.53897222791,-0.0034028195415739537,-0.003408622299555348,0.016745452031866975
2025-05-24,73374.20140817021,73794.2673411161,73214.12705949057,73472.7553682423,73472.7553682423,20609.140900106984,-0.023220776116255504,-0.023494625982128786,0.017973928551218706
2025-05-25,72469.7330934008,72719.25242107752,72452.22940312914,72566.70746536428,72566.70746536428,37443.64615773947,-0.012331753428014958,-0.012408420443821486,0.01829329819181447
2025-05-26,73304.43179176275,73447.20672997281,73203.25757744284,73293.37826001535,73293.37826001535,47951.61990767672,0.010013831687181174,0.009964025499179331,0.01702721242327866
2025-05-27,74924.2439392767,75174.85608711677,74612.91219898856,74986.875466895,74986.875466895,20721.88749514551,0.023105732701688364,0.02284283715329725,0.017548292890567665
2025-05-28,76413.25769681859,76529.74627330738,76131.49453613856,76363.85130492103,76363.85130492103,42458.63756606727,0.018362891231998857,0.018196329293946753,0.01669024596293871
2025-05-29,76598.15617487268,76922.38406891767,76826.99106181436,76883.61884116312,76883.61884116312,12214.39267753638,0.006806460483071319,0.006783401106937376,0.016668998360705817
2025-05-30,76289.19086381691,76427.77901859181,76314.70410090152,76374.8760503297,76374.8760503297,31524.840401592526,-0.006617050530418611,-0.0066390402677618246,0.016909653712565812
2025-05-31,74050.00772842819,74563.38559740064,73920.71773743554,74162.6131245193,74162.6131245193,12822.002548395783,-0.028965846364877312,-0.029393637637792163,0.018426331194010354
2025-06-01,73157.90522799223,73310.62290187133,73105.74354995905,73183.53929582948,73183.53929582948,47361.31964522557,-0.013201716976260602,-0.013289634271964123,0.018537627476068918
2025-06-02,73202.39665230365,73504.05310712336,73205.90670636456,73256.20142815266,73256.20142815266,40654.05122229561,0.0009928753517844946,0.0009923827770689708,0.018144980635509414
2025-06-03,75533.70176590611,75465.9039139698,75415.06356152083,75453.91738791653,75453.91738791653,36317.996448183694,0.03000040838753182,0.02955919873421514,0.019722442675663903
2025-06-04,76106.58290365996,76347.9919684176,76141.35828079429,76292.51658082596,76292.51658082596,42955.855264986574,0.011114057718144776,0.011052750409075216,0.01883237039606426
2025-06-05,76440.32734461622,76707.90991615088,76226.03677169983,76435.77819698314,76435.77819698314,35900.791822806525,0.0018777938201239852,0.0018760329693071286,0.018627304888317132
2025-06-06,75634.6591110735,75840.58954857616,75247.74404613467,75578.82546875233,75578.82546875233,48757.77588697165,-0.011211408432610592,-0.011274729999609163,0.018949290444562204
2025-06-07,74848.24695092061,75266.48463842859,74565.86991049511,74662.58220726442,74662.58220726442,38558.317914590865,-0.012123015352583422,-0.012197098452393841,0.015636924337432096
2025-06-08,73535.97181385533,73620.9183199154,73461.7150275337,73584.14841096467,73584.14841096467,46986.34438328987,-0.014444099901420593,-0.01454943142209624,0.01583167052115631
2025-06-09,73761.71704784605,74089.37342371297,73631.02965432839,73729.27118741079,73729.27118741079,30685.275680425522,0.0019722016165169,0.0019702593801440276,0.01583709179309169
2025-06-10,76089.65608817629,76517.83163802042,76198.43649148312,76270.04236743253,76270.04236743253,14682.576519274506,0.034460820500495704,0.03388034460129211,0.017225971373365512
2025-06-11,76907.03244209444,77188.15994558067,77118.3486223931,77146.22806252574,77146.22806252574,31127.108856920684,0.01148794032225875,0.011422454986381851,0.017260701789683395
2025-06-12,76554.02506158687,76567.8748611351,76321.61699366376,76469.5476240087,76469.5476240087,15074.913122523732,-0.008771400177447486,-0.00881009534804113,0.01770769432428899
2025-06-13,75643.44015390753,75805.4207025998,75262.12496577088,75643.99618327233,75643.99618327233,33699.73916705621,-0.010795819595997846,-0.010854517298514317,0.017663716111926575
2025-06-14,73811.81506397057,73888.67303493162,73430.3033300202,73693.96379499073,73693.96379499073,29299.72242110652,-0.025779076816050406,-0.026117180542084336,0.019874457215480874
2025-06-15,72000.44843176527,72233.06027453349,72123.25261579637,72137.78872066224,72137.78872066224,34903.01591331127,-0.02111672373408513,-0.021342871071625094,0.020729443996423822
2025-06-16,72966.67969805768,73015.78351593814,72832.39085519237,72914.6894841048,72914.6894841048,10401.879242193263,0.010769678101042679,0.01071209816054933,0.02131472740744334
2025-06-17,74823.66427034607,74848.82446779145,74618.93565544739,74636.78248629168,74636.78248629168,17793.619666214563,0.023617915873622053,0.02334332795769251,0.018480527897359718
2025-06-18,75996.90637706053,76506.86782400701,75947.4216872289,75954.9358162248,75954.9358162248,29653.217276485237,0.017660907745791654,0.017506766122459678,0.019407820428260173
2025-06-19,75765.1643072413,75815.98935011795,75391.26589599322,75737.5061566822,75737.5061566822,48020.1424635654,-0.0028626139592649036,-0.0028667190747170505,0.019194553595683905
2025-06-20,75129.03176314154,75229.9688802006,74829.18850956846,75128.1761550591,75128.1761550591,25344.361614206337,-0.008045287368751541,-0.008077825328842717,0.018992831314423912
2025-06-21,73597.18332222076,73759.38633037175,73746.00634147924,73754.27146793336,73754.27146793336,26974.881042145385,-0.01828747558426158,-0.018456758480007912,0.017504941417094178
2025-06-22,72794.68216385154,73012.94005125832,72570.52444419103,72659.1248702805,72659.1248702805,38587.84356026488,-0.01484858538842726,-0.014959929205980592,0.016352266927063833
2025-06-23,73944.08014411668,74144.108534315,73814.85595398238,74005.16590809719,74005.16590809719,34151.71029144472,0.01852542320348327,0.018355917790456356,0.017345770766168923
2025-06-24,75120.76449587366,75152.17265785798,74866.08367872331,75070.31617023537,75070.31617023537,21957.046003933327,0.014392917697947372,0.014290322911810007,0.0157267663660507
2025-06-25,75751.44279941737,76012.56390966142,75813.05185026745,75907.7462300745,75907.7462300745,26432.65582269711,0.01115527551449369,0.01109351431295021,0.01473443183904314
2025-06-26,75866.56876847599,76014.98570933352,75930.98651674701,75984.51473492676,75984.51473492676,18707.991954289297,0.0010113395360149546,0.0010108284767270193,0.014681464421772367
2025-06-27,75059.67180090811,75080.64704746232,74746.80890594258,74916.16306098588,74916.16306098588,48640.85836520834,-0.014060123666879254,-0.014159903588471927,0.01542602205028471
2025-06-28,73304.09728064657,73563.03364300725,72913.38202547206,73338.82750954236,73338.82750954236,15225.37526229439,-0.02105467614724854,-0.021279486986977847,0.015988941230312772
2025-06-29,72317.97836245505,72172.69222783444,72152.83195480255,72172.6508148508,72172.6508148508,24873.47138265678,-0.0159012181445064,-0.01602899890390216,0.016148375621174625
2025-06-30,72763.5779869949,72773.26111712847,72650.83692174396,72771.40105290075,72771.40105290075,11033.558888800448,0.00829608212099564,0.008261858781193988,0.014479703416178307
2025-07-01,73561.63420881098,73811.40292940935,73659.37139597994,73745.82398610677,73745.82398610677,18871.179677341854,0.013390190639557265,0.013301334359732882,0.014290664229396946
2025-07-02,76157.10569341808,76098.9370702167,75973.89009597128,76067.89893344491,76067.89893344491,41218.8455352062,0.03148754494594308,0.0310019787552935,0.018854755829271572
2025-07-03,76390.55665226601,76614.56553697509,76308.02070507716,76449.54588404157,76449.54588404157,18047.00929155518,0.005017188011602336,0.0050046438638998055,0.01893515557525314
2025-07-04,76032.50401542423,76136.06117721471,75820.20036123731,75962.63513407252,75962.63513407252,13202.536101158625,-0.006369046988291993,-0.006389415901163554,0.018119516741183866
2025-07-05,74437.5136179105,74566.61582897154,74412.85945744503,74434.99253115649,74434.99253115649,28978.127193780932,-0.020110447724987157,-0.02031541542903101,0.01792063110270945
2025-07-06,73463.49865217567,73678.55568072529,73438.48202950691,73617.81047496996,73617.81047496996,10398.769389380739,-0.010978466288479538,-0.011039174379551552,0.017170095061105322
2025-07-07,74341.84613141588,74594.59083957346,74157.01991578839,74325.41665487882,74325.41665487882,13390.646177053328,0.009611888418624481,0.009565988110506723,0.017245263090249402
2025-07-08,76369.085894404,76313.31515213301,76075.62214009924,76149.46358018872,76149.46358018872,42305.034782519004,0.024541361588050536,0.024245060344585498,0.01879433874711256
2025-07-09,78120.31625127533,78166.26178013282,77489.61996155955,78071.01760542388,78071.01760542388,40858.933794384255,0.0252339797930643,0.02492085950890488,0.01740873396395522
2025-07-10,79152.56463498258,79333.19424642569,79083.35199895878,79158.31641028314,79158.31641028314,46605.55281619584,0.0139270479392819,0.013830957747782457,0.017828988080884237
2025-07-11,78318.55266956634,78263.53059517103,78003.30956520185,78211.01832937065,78211.01832937065,44180.61743642998,-0.011967132752073395,-0.012039315342315313,0.018541655630083954
2025-07-12,76887.58177858034,76905.23291433354,76540.25976896784,76866.51493206003,76866.51493206003,37327.02252959272,-0.017190715912283605,-0.01734019181103355,0.017922932433948494
2025-07-13,75797.04184217939,75946.2680115867,75528.60309150859,75776.08841915311,75776.08841915311,12093.314292026513,-0.014185975699180786,-0.014287558497567809,0.018425705857049775
2025-07-14,76809.70704945487,76946.34392435066,76896.98787230419,76918.86956667078,76918.86956667078,41313.9447194663,0.015081025840188778,0.014968437721611468,0.01880152273183142
2025-07-15,78204.25086352142,78258.95903092824,77915.1378952928,78180.86606094246,78180.86606094246,43820.432433622416,0.01640685180868151,0.01627371369329614,0.01761062074411648
2025-07-16,80785.07326434088,80702.17327328569,80618.8920279262,80681.52892269919,80681.52892269919,41963.28583087818,0.03198561218044649,0.03148472527657092,0.01909600663792977
2025-07-17,81000.56627195995,81137.24495704989,80962.87180952681,81084.17248716996,81084.17248716996,30339.161412321042,0.004990529676954125,0.004978118259629558,0.018683484111378774
2025-07-18,79465.67585247243,79439.77800187004,79232.04543131359,79323.22627034773,79323.22627034773,19316.073545979267,-0.021717508643266492,-0.02195680468725491,0.02032761818574157
2025-07-19,77679.10259928374,78176.03663335353,77596.45513965446,77688.27320169825,77688.27320169825,43813.19902754907,-0.020611278001694933,-0.02082665499534719,0.02090424975847914
2025-07-20,76213.41175604363,76329.04453963473,76163.26863336485,76302.18870719748,76302.18870719748,39086.51238960554,-0.01784161801231121,-0.01800269851287176,0.021407081784008877
2025-07-21,77244.99622917674,77429.7826487047,76914.36048783812,77145.23302148472,77145.23302148472,49230.44697555406,0.011048756642123791,0.01098816502991588,0.021021610809118553
2025-07-22,78390.43425356099,78604.35675758313,78068.74791578446,78419.11367713481,78419.11367713481,16227.703910237316,0.016512759191424253,0.016377906089557647,0.021034909905639852
2025-07-23,79872.16609457738,79989.294102747,79718.22986451688,79796.21460582876,79796.21460582876,19026.583322082202,0.01756078160183905,0.017408372768499814,0.017927540624471355
2025-07-24,79244.99091692311,79521.3929245102,79242.55608216494,79274.16678014897,79274.16678014897,18471.925995260106,-0.006542263041656393,-0.00656375744382087,0.01776764277587752
2025-07-25,77996.47234040828,78020.18647295356,77983.13022075829,78002.45495476127,78002.45495476127,41701.59070485347,-0.016041945024973137,-0.01617200989634201,0.016883115825629864
2025-07-26,75140.86603577535,75130.97315682303,75008.31662975244,75091.51001534192,75091.51001534192,17476.291858004726,-0.03731863235724564,-0.038032796657087906,0.020664973622560416
2025-07-27,73283.08964359474,73377.5303169226,73064.85072569638,73253.99993783573,73253.99993783573,12666.393192932244,-0.024470277360659876,-0.024774650250044657,0.02150448687314253
2025-07-28,73857.37662765551,74120.14437690609,73935.28056736369,74056.92980570068,74056.92980570068,49942.432263425144,0.010960901364380549,0.010901266060417242,0.021493168341039846
2025-07-29,75937.89815631793,76173.1767602816,75786.59614633805,76050.02253032736,76050.02253032736,10992.688457805965,0.02691298072787851,0.026557195835450003,0.02354009875160005
2025-07-30,77955.8849550003,78103.72084395499,77707.73837375252,77862.94395652122,77862.94395652122,43409.762406354625,0.023838538975723633,0.023558837403505565,0.02460009371233866
2025-07-31,77788.96476585946,77830.0676798858,77601.73502096426,77802.17842474961,77802.17842474961,24614.673662026114,-0.0007804165715278311,-0.0007807212550707596,0.02456745068552824
2025-08-01,76680.39095063834,76822.80193388577,76582.27703344487,76732.76408091548,76732.76408091548,43664.61839031261,-0.013745300780600433,-0.013840642098905438,0.024369661255088177
2025-08-02,74896.1001337396,75032.06312703667,74738.60049714221,75031.95753526535,75031.95753526535,32184.8196484458,-0.02216532358793455,-0.022414665760067898,0.021183015328969892
2025-08-03,73299.24289277814,73527.45787469155,73306.9360955286,73407.21652490573,73407.21652490573,46065.249179454404,-0.021653986697547922,-0.021891874685888144,0.02065931984441691
2025-08-04,74379.45835158601,74870.40917880891,74386.5757238866,74581.6382155822,74581.6382155822,47047.719456585066,0.015998722554450895,0.01587209182720335,0.02116675904095297
2025-08-05,76610.38393430122,77079.74819679883,76517.38638848258,76620.51200617138,76620.51200617138,10363.92725123104,0.027337476614494705,0.026970481266290345,0.02125313334076017
2025-08-06,78050.37880649974,78220.32993445617,77914.53814215223,78110.22256455784,78110.22256455784,13016.48703971153,0.019442712132574647,0.01925611733247184,0.02052740600764326
2025-08-07,78449.72923474948,78790.53050903084,78441.95951466121,78546.388023848,78546.388023848,20014.34918283422,0.005583974094167665,0.005568441506377343,0.02059518165064726
2025-08-08,77598.20841954167,77706.64880158793,77384.28679635239,77605.02076205847,77605.02076205847,36772.61665454006,-0.011984857425954676,-0.012057254859770007,0.0203870811333552
2025-08-09,74921.54511482673,74914.70411550495,74818.99020687595,74885.14805174146,74885.14805174146,45530.88786046024,-0.035047638459582364,-0.03567654514106596,0.023285727110839084
2025-08-10,73925.32048793894,73806.65037652255,73559.96086889446,73716.00069471795,73716.00069471795,28397.67805175851,-0.01561253983521127,-0.015735699103068077,0.02244827832462532
2025-08-11,73646.54276855564,74088.22461740611,73531.61612970415,73797.73111051196,73797.73111051196,34278.92465097061,0.0011087201560551208,0.0011081059797873856,0.021453335164994758
2025-08-12,75013.05185519587,74962.46270378628,74657.75602158056,74897.11375086581,74897.11375086581,17539.994111822445,0.014897241741856915,0.014787367705474884,0.01906722389869015
2025-08-13,76454.06640582565,76416.85112164631,76178.01671184633,76356.75624972415,76356.75624972415,42198.67335526741,0.01948863481860741,0.019301163170929517,0.019076273505240927
2025-08-14,77600.4127790042,77802.76348175055,77499.73127892011,77678.32205294186,77678.32205294186,48693.12445413879,0.01730777822587881,0.017159704739263197,0.020430404650740586
2025-08-15,76973.50841327068,77180.95144136823,76587.26077746887,76953.18481781209,76953.18481781209,20743.9573165839,-0.009335130007514292,-0.009378975415366326,0.020225252267624918
2025-08-16,74922.82672188203,75176.41240429984,74886.65272828989,74968.59004681579,74968.59004681579,29793.038064021854,-0.025789637890814454,-0.02612802113455877,0.01778536573683407
2025-08-17,74227.89162977252,74224.47562903774,74066.85833981461,74209.32277173064,74209.32277173064,13444.644420254952,-0.010127805186292083,-0.01017944033489614,0.017074361246845922
2025-08-18,75482.63613115685,75465.81915326463,74875.39266250862,75331.72302981639,75331.72302981639,32365.466258518736,0.015124787778191706,0.015011548560636906,0.01788125015591326
2025-08-19,77454.79313983733,77608.60396318224,77270.70418118747,77394.23251657421,77394.23251657421,30111.337673867223,0.027379029760695506,0.027010927864229806,0.019777735473274837
2025-08-20,79075.10118415896,79334.99210003883,78717.23229732914,79024.24034683562,79024.24034683562,15777.459366203104,0.021061102064838577,0.020842382705129302,0.019979431140244707
2025-08-21,79080.46356578036,79287.07242938083,78747.49249099428,79123.49449777583,79123.49449777583,27682.648524723,0.0012559962677853864,0.001255208164307369,0.019251137077653312
2025-08-22,78278.64182232693,78502.32939403885,78284.50508304709,78427.04748881936,78427.04748881936,23364.18608346253,-0.008802025408218617,-0.00884099205934315,0.01919612594502369
2025-08-23,76903.93808437132,77105.19521629687,76548.15486381364,76924.78490542536,76924.78490542536,30873.235012207573,-0.01915490422622579,-0.019340736295003956,0.01764633504237025
2025-08-24,76447.48366516235,76500.7554659309,76252.35903908838,76326.82284967595,76326.82284967595,33426.173417151964,-0.007773334127415099,-0.00780370397483178,0.01735623617438839
2025-08-25,76914.41450465069,77292.2182471926,76979.66865290186,77067.13129030966,77067.13129030966,10339.82314428838,0.009699191096840476,0.009652455895639995,0.016899895846292406
2025-08-26,79086.59135645306,79429.9826718442,79155.06518590475,79192.10029327073,79192.10029327073,40440.23931798221,0.02757296096770978,0.027199673108366886,0.016945890139641318
2025-08-27,80537.30210641518,80853.20992344298,80439.58635995495,80524.67533279178,80524.67533279178,38520.57167446963,0.01682712081869453,0.01668711325444477,0.0162729971490973
2025-08-28,81507.62942691725,81786.21905233155,81561.6369342418,81606.09490540197,81606.09490540197,24651.455448260887,0.01342966697029091,0.013340288320629229,0.016724285417512346
2025-08-29,80580.08369727363,80787.01442710683,80403.56287932248,80659.33604198515,80659.33604198515,12117.43742275273,-0.011601570501741376,-0.011669393802312852,0.017125255691371927
2025-08-30,79955.60134401968,80063.68489734229,79807.49792604474,79997.9612021925,79997.9612021925,40197.301591402014,-0.008199606793792502,-0.008233408470025967,0.015011408107721705
2025-08-31,78471.24688696554,78728.44611360102,78472.40959969285,78607.80862738455,78607.80862738455,48207.0064191253,-0.017377350046388962,-0.0175301084715231,0.016783226810784542
2025-09-01,79801.1008841384,80007.33586918289,79743.98117970588,79898.51306876005,79898.51306876005,19606.063840880568,0.016419544876179692,0.01628620179116721,0.017324643430629855
2025-09-02,81668.00389747162,81630.21968700734,81431.62274342036,81597.66110579288,81597.66110579288,22940.984549481516,0.0212663286433199,0.02104335594388262,0.016093289800035764
2025-09-03,82741.40777106382,82880.32858436607,82692.06503160791,82872.14474928692,82872.14474928692,17352.5155792726,0.015619119791211222,0.01549839677516644,0.015943537515341444
2025-09-04,82893.13715860315,83253.36186320892,82962.67930818893,83052.92437205263,83052.92437205263,33077.44493379359,0.002181428069861324,0.002179052210199933,0.015419107689695313
2025-09-05,81784.18955423894,81995.35692127635,81610.49331881435,81847.19205219233,81847.19205219233,16193.655785898198,-0.014517638348999884,-0.014624050417618058,0.0158991474825752
2025-09-06,80433.46529953918,80462.91246258252,80124.66157581292,80360.2697492882,80360.2697492882,24247.757738455177,-0.01816705332977031,-0.01833410050603632,0.017364457235090294
2025-09-07,79556.43664674308,79621.84881061077,79242.68400523254,79576.12882754277,79576.12882754277,37880.52055737052,-0.00975781843679513,-0.009805737928391966,0.016239284458595415
2025-09-08,79665.54325755475,79910.871240288,79407.35364102386,79712.0013653663,79712.0013653663,32404.639320373935,0.0017074534766323701,0.0017059974351247456,0.01494160180479441
2025-09-09,81304.45259428862,81812.48344629613,81152.89231508791,81300.01671453707,81300.01671453707,25458.50257311741,0.01992191040207314,0.01972606593609352,0.014624383621860838
2025-09-10,83796.77379585853,84009.55009166453,83614.98475739028,83971.3445391445,83971.3445391445,26809.984072301675,0.03285765406404617,0.03232938205968057,0.018669447434257982
2025-09-11,85307.30922936526,85740.36174831034,84926.5140224522,85257.83866398776,85257.83866398776,32484.43530492918,0.015320632674203916,0.015204456869963355,0.019335567813589978
2025-09-12,84468.78533620203,84587.36269064127,84325.55220580913,84430.44183306166,84430.44183306166,10234.589115486451,-0.009704642340125136,-0.009752039277768427,0.018644316085041076
2025-09-13,82709.50744863112,82754.29037198758,82603.3776039043,82750.4382960407,82750.4382960407,13140.394738144394,-0.019898078235131345,-0.020098710924445415,0.019004566891783377
2025-09-14,81865.48774481624,81817.47345947825,81620.59942888512,81764.8952936366,81764.8952936366,45250.322710520464,-0.0119098221435191,-0.011981312265318319,0.019286131835426348
2025-09-15,82381.62720989929,82498.869998357,82284.34867187416,82494.37681979459,82494.37681979459,13115.15956365163,0.008921695839495092,0.008882132650870251,0.019333275656258066
2025-09-16,83695.96408182198,83692.59700553167,83431.67415262913,83583.17318249663,83583.17318249663,38272.14384842021,0.013198431271024269,0.013112090852656933,0.018626704521631485
2025-09-17,85070.12692564601,85290.84012214825,84780.57033028714,85054.67755908649,85054.67755908649,46801.5265643621,0.017605270541439788,0.017452092974584204,0.015298447655240502
2025-09-18,84609.45280295283,84865.97240087442,84504.06748192385,84643.10806194064,84643.10806194064,20827.344172069243,-0.00483888139908506,-0.004850626690381391,0.014217600595752018
2025-09-19,83795.17359394334,83940.23722056842,83740.41075274786,83797.16095748017,83797.16095748017,24819.65748238057,-0.009994282155156964,-0.010044560269328607,0.014247726583866055
2025-09-20,82411.02717464558,82565.39079636827,82224.17898304653,82421.75365122668,82421.75365122668,32756.85623378865,-0.0164135310855148,-0.016549725430041767,0.013519167342177521
2025-09-21,81256.63004395533,81222.2969020755,80965.23156108848,81134.60175431355,81134.60175431355,45268.35878554339,-0.015616652641968765,-0.01573987714831518,0.014101102020094992
2025-09-22,82236.64976300421,82348.24100729011,82094.39389469198,82344.31767575131,82344.31767575131,47676.22349041681,0.014909987789191836,0.014799926580179487,0.014960210281731922
2025-09-23,83255.37556563671,83466.19973674475,83175.75768877032,83331.62748955138,83331.62748955138,39582.52992445072,0.011990017546660736,0.011918706732296067,0.01478627596600394
2025-09-24,84303.2629839554,84317.99552149643,84191.82879087265,84199.63269474816,84199.63269474816,13464.790434187762,0.010416275684830723,0.01036240008437635,0.013528552659265752
2025-09-25,84675.02765030254,84805.38928600913,84650.99923466775,84734.58114382092,84734.58114382092,36766.16622139403,0.0063533347112347816,0.006333237358813381,0.013709575671393795
2025-09-26,84302.62493709695,84327.29198394316,83807.4100547415,84212.57162936378,84212.57162936378,26412.14887490648,-0.00616052510569598,-0.006179579437251148,0.013303379795639237
2025-09-27,83525.47379728871,83375.90145804023,83141.35971525095,83355.53019898784,83355.53019898784,28828.039979642464,-0.010177119802824208,-0.010229260751347957,0.012115627925936725
2025-09-28,82040.34989909589,82390.3334320891,81698.24558436211,82080.52940179006,82080.52940179006,11965.935613807082,-0.015295935304521113,-0.015414124885291723,0.01203971364005563
2025-09-29,83110.72859095613,83290.41377342938,82786.50124409811,83042.5923582986,83042.5923582986,17642.485573854327,0.011720964320285576,0.011652805889368196,0.011505906351082507
2025-09-30,84508.16154071555,84917.03582200002,84585.63480460532,84623.53076884954,84623.53076884954,41620.54430134591,0.019037681335016154,0.018858732295866664,0.012832757035389834
2025-10-01,86212.88309398726,86170.36193242777,85935.92096954143,86137.40976418047,86137.40976418047,28158.35332191439,0.017889574939458752,0.017731439690198796,0.013890636224328155
2025-10-02,87021.90467131545,87012.13981308798,86750.97773911631,87001.96227271677,87001.96227271677,22066.489665245954,0.010036899308943692,0.009986864155070063,0.014092203517329985
2025-10-03,86329.8688743763,86317.23337903435,86245.62295120406,86282.56504616028,86282.56504616028,25360.762958598327,-0.008268747138156174,-0.008303122855000596,0.014362107776017095
2025-10-04,83730.80648435974,83844.15433114498,83607.78058406115,83795.36369156328,83795.36369156328,44175.98053302721,-0.028826233356256448,-0.029249870322868132,0.018476203289006253
2025-10-05,83321.96685910618,83532.71565158985,83485.57533628144,83488.07520066289,83488.07520066289,39959.96069619828,-0.003667129986230089,-0.003673870391070828,0.017260125994149774
2025-10-06,84651.16862400444,84898.8161052499,84027.16280639613,84600.84341752948,84600.84341752948,20892.61588724331,0.013328468936336879,0.013240426346725905,0.01741234148890244
2025-10-07,85681.91439682806,86208.4355077713,85554.53486030037,85888.254712076,85888.254712076,14700.073608494931,0.015217475884877096,0.015102851498480062,0.016869640053053032
2025-10-08,87654.6140748718,87852.0485290521,87474.60341811928,87686.34912409606,87686.34912409606,20079.928865762868,0.02093527709985299,0.020719145498218773,0.01737220559144775
2025-10-09,88450.20494367242,88376.73770906024,88321.52640955114,88356.08675703043,88356.08675703043,46830.25804218935,0.007637877955056993,0.007608857043674152,0.01722591472397386
2025-10-10,87460.05474776652,87769.50273641005,87286.48094321188,87440.86497417922,87440.86497417922,33263.55351399021,-0.010358333154431909,-0.010412354055428258,0.017456887239358863
2025-10-11,85661.5413856306,85501.87800203804,85378.44569081177,85466.70712115162,85466.70712115162,31339.208349791315,-0.022577062265001113,-0.02283582630707053,0.015685324773057847
2025-10-12,84187.84768667746,84417.63080456489,83938.70553199729,84085.33677141929,84085.33677141929,33855.74398769846,-0.01616267194867116,-0.01629471261725583,0.01719933351195076
2025-10-13,84429.89243688379,84499.45957337554,84449.48299722448,84495.28227571635,84495.28227571635,24641.13062986061,0.004875350685833224,0.004863504650460576,0.016483262840132625
2025-10-14,86684.57076863243,86727.97961179103,86310.25914036763,86681.83943064729,86681.83943064729,42284.28081278051,0.025877860822998144,0.025548695630109048,0.018499374130286128
2025-10-15,88549.09508299142,88805.86510628038,88433.18265313159,88553.83215324586,88553.83215324586,30931.449972009992,0.021596135186959575,0.02136624263091554,0.018616635141328358
2025-10-16,88633.02985066125,88914.51980860374,88731.61583379775,88791.24752699585,88791.24752699585,14669.916110751823,0.0026810287931879895,0.0026774412462735224,0.018440159967418032
2025-10-17,88037.49832490846,88206.57749262168,88003.80618282828,88131.5382165569,88131.5382165569,15162.604993162518,-0.007429891220284701,-0.007457630346595134,0.01817487531689691
2025-10-18,84952.185539439,85071.80464948823,84796.63796511956,85008.26163013699,85008.26163013699,31474.365860104735,-0.03543880714694214,-0.03608200349281269,0.02135833617185288
2025-10-19,84333.46376427407,84793.41457356041,84463.56184651771,84537.08581455966,84537.08581455966,47462.808722833564,-0.005542706162224187,-0.0055581239552814216,0.020422981092655015
2025-10-20,84094.70081178867,84201.48967710853,84060.33358100386,84089.95146496351,84089.95146496351,22334.08486704795,-0.005289209407773776,-0.005303246795521075,0.020458325234637732
2025-10-21,85484.01645509798,85731.2152309507,85332.70997223104,85508.92363956329,85508.92363956329,44781.64675436873,0.016874455863980398,0.016733663884917926,0.018733397734258608
2025-10-22,86381.99194742033,86598.5822932379,86406.83718482169,86549.2813375515,86549.2813375515,40563.823463155175,0.012166656457675895,0.012093237601108807,0.01703312830486593
2025-10-23,86365.08442601172,86424.30748918334,86087.31621544852,86324.66313948398,86324.66313948398,19912.497716276273,-0.0025952635838937255,-0.0025986371185004317,0.01684835494229631
2025-10-24,85931.10514187904,86087.5476751142,85572.25078626875,85859.51786740994,85859.51786740994,11453.6299326497,-0.0053883242072134685,-0.005402893586020372,0.016794520678026892
2025-10-25,83949.36543853562,84242.7701279628,83879.03990338671,83926.66199064913,83926.66199064913,14073.89060569531,-0.02251184172435794,-0.022769101492013246,0.012990124866354983
2025-10-26,83021.94844823035,83257.37410411683,83045.15471630059,83054.35526575125,83054.35526575125,39139.75735389761,-0.010393678292543895,-0.010448069780107695,0.013350260271858174
2025-10-27,83512.76173127975,83615.78901834664,83272.69464110582,83453.61751610457,83453.61751610457,17986.78952162587,0.004807240379818722,0.004795722497852624,0.013536269794774234
2025-10-28,85360.3526110651,85543.84614680035,85057.77920596395,85292.33057501743,85292.33057501743,24850.83682021575,0.022032754404661237,0.02179354058757361,0.014757224888809118
2025-10-29,86961.67452282085,86977.73813767027,86797.85080111052,86930.93416584887,86930.93416584887,30067.966640256993,0.01921161703267371,0.019029403958277208,0.01593953001803725
2025-10-30,86629.69936850407,86805.43226843681,86323.91710625478,86712.16059354754,86712.16059354754,39018.72673800652,-0.002516636619640522,-0.0025198086726322746,0.01593681749883582
2025-10-31,86192.39541405898,86362.20224082567,85989.0707220719,86164.73533750785,86164.73533750785,14529.248930365015,-0.006313131310447639,-0.006333143394321904,0.01599988118261309
2025-11-01,84338.39983490486,84234.04197455083,84143.25019001868,84218.85176982231,84218.85176982231,26254.65621109846,-0.022583294198763593,-0.022842202209854275,0.016017109261459335
2025-11-02,82335.339248868,82458.97165938014,82348.71297022405,82395.00215472917,82395.00215472917,29402.916365707817,-0.02165607315661211,-0.02189400732736739,0.017775370287667985
2025-11-03,82813.46104795218,82634.01871248869,82474.36920649378,82603.66711403894,82603.66711403894,31633.082558861588,0.0025324953438063957,0.0025292939812911735,0.01767194866375668
2025-11-04,84901.67656125901,85121.26823498355,84911.10612714801,84954.23965465755,84954.23965465755,42734.42565580866,0.028456031345115873,0.028058678924927413,0.019188752680558255
2025-11-05,86982.78387234964,87397.45091535458,86804.95095292489,86979.54317101563,86979.54317101563,16867.127801728675,0.02383993458820921,0.023560200520326487,0.020038460214384015
2025-11-06,87160.69108400407,87549.47184902831,87051.65813781998,87227.9396436047,87227.9396436047,42313.25807306489,0.002855803370922283,0.002851733311493923,0.020017649057478177
2025-11-07,86030.07920927425,86044.70024146137,85863.5250531731,86007.75212568222,86007.75212568222,37715.13710786609,-0.013988494086962344,-0.014087255164587538,0.020685275684942866
2025-11-08,83973.70715470515,84552.65056781459,83964.67450385592,84147.92932396867,84147.92932396867,32234.832567958372,-0.021623897331903508,-0.02186111981742604,0.02051377202158617
2025-11-09,84086.14047010413,84142.1046188978,83869.6560897647,84140.7446499858,84140.7446499858,37981.114816102876,-8.538147094738768e-05,-8.538511615266839e-05,0.018197424566034834
2025-11-10,84645.2227958594,84792.44272289456,84520.39517405494,84754.43491589426,84754.43491589426,26480.709558066257,0.007293615815516352,0.0072671460287291505,0.018259763929491066
2025-11-11,86583.18221958046,86641.13746935331,86542.78908534168,86569.64838479123,86569.64838479123,15535.903438724983,0.021417327254889873,0.021191199308085402,0.016813602851558078
2025-11-12,88784.42749465938,88721.06109346097,88669.06318463328,88684.98275710849,88684.98275710849,36630.609610614694,0.024435057919085734,0.02414129763843805,0.01693866983461113
2025-11-13,89291.70049512624,89501.66957135008,89116.2883221916,89227.09987641478,89227.09987641478,30986.89226742489,0.006112840104970818,0.0060942324896450855,0.0169819138174752
2025-11-14,87814.85420165511,88494.3925200069,87879.67952368975,88052.020137741,88052.020137741,35574.99202171102,-0.013169538630094957,-0.013257025964793988,0.016844694316257496
2025-11-15,86459.04690238644,86561.52667735291,86248.83364126083,86254.83993709365,86254.83993709365,23519.9512411396,-0.020410436896688866,-0.02062160820413242,0.016546864637922164
2025-11-16,85203.00863568555,85458.2720721135,84743.00393270163,85173.48064162346,85173.48064162346,46274.66309359344,-0.012536795572965276,-0.012616044240792754,0.017648692606160376
2025-11-17,85499.94214911207,85630.92252900825,85402.30093406078,85577.59206316137,85577.59206316137,33494.79474302308,0.004744568596864562,0.004733348606625214,0.017544302628622426
2025-11-18,87557.31227218042,87627.44836434106,87229.30083579296,87541.59948028134,87541.59948028134,13416.099371634953,0.02295001962278187,0.022690629102240758,0.01784116222446065
2025-11-19,89185.38405073654,89285.47572244042,88867.08110280047,89167.76506848627,89167.76506848627,27992.159628177145,0.018575918167581973,0.018405493099336236,0.016699450149374292
2025-11-20,89890.12277519179,90276.43251726369,89890.78362809365,89956.80764688694,89956.80764688694,40254.242189745375,0.008848966639397382,0.00881004398243867,0.0168730496456409
2025-11-21,88890.68235780373,88963.32522428592,88828.55729468328,88870.89069106952,88870.89069106952,41765.3824692909,-0.012071537265751275,-0.012144989995144658,0.016720683703174876
